-- 开始初始化数据 ;

INSERT INTO sys_api (id, handle, title, path, type, action, created_at, updated_at, deleted_at, create_by, update_by) VALUES (2, 'admin/apis.SysLoginLog.GetPage-fm', '登录日志列表', '/api/v1/sys-login-log', 'CHECK', 'GET', '2021-05-24 11:47:30.397', '2021-06-17 11:48:40.732', null, 0, 0);
INSERT INTO sys_api (id, handle, title, path, type, action, created_at, updated_at, deleted_at, create_by, update_by) VALUES (3, 'admin/apis.SysLoginLog.Delete-fm', '登录日志删除', '/api/v1/sys-login-log', 'CHECK', 'DELETE', '2021-05-13 19:59:06.118', '2021-06-17 11:48:40.732', null, 0, 0);
INSERT INTO sys_api (id, handle, title, path, type, action, created_at, updated_at, deleted_at, create_by, update_by) VALUES (4, 'admin/apis.SysLoginLog.Get-fm', '登录日志通过id获取', '/api/v1/sys-login-log/:id', 'CHECK', 'GET', '2021-05-13 19:59:00.728', '2021-06-17 11:37:12.331', null, 0, 0);
INSERT INTO sys_api (id, handle, title, path, type, action, created_at, updated_at, deleted_at, create_by, update_by) VALUES (6, 'admin/apis.SysOperaLog.GetPage-fm', '操作日志列表', '/api/v1/sys-opera-log', 'CHECK', 'GET', '2021-05-13 19:59:00.778', '2021-06-17 11:48:40.732', null, 0, 0);
INSERT INTO sys_api (id, handle, title, path, type, action, created_at, updated_at, deleted_at, create_by, update_by) VALUES (7, 'admin/apis.SysOperaLog.Delete-fm', '操作日志删除', '/api/v1/sys-opera-log', 'CHECK', 'DELETE', '2021-05-13 19:59:06.162', '2021-06-17 11:48:40.732', null, 0, 0);
INSERT INTO sys_api (id, handle, title, path, type, action, created_at, updated_at, deleted_at, create_by, update_by) VALUES (8, 'admin/apis.SysOperaLog.Get-fm', '操作日志通过id获取', '/api/v1/sys-opera-log/:id', 'CHECK', 'GET', '2021-05-13 19:59:00.821', '2021-06-16 21:49:48.598', null, 0, 0);
INSERT INTO sys_api (id, handle, title, path, type, action, created_at, updated_at, deleted_at, create_by, update_by) VALUES (19, 'admin/apis.SysDictType.Delete-fm', '字典类型删除', '/api/v1/dict/type', 'CHECK', 'DELETE', '2021-05-13 19:59:06.432', '2021-06-17 11:48:40.732', null, 0, 0);
INSERT INTO sys_api (id, handle, title, path, type, action, created_at, updated_at, deleted_at, create_by, update_by) VALUES (20, 'admin/apis.SysDictType.Update-fm', '字典类型编辑', '/api/v1/dict/type/:id', 'CHECK', 'PUT', '2021-05-13 19:59:05.569', '2021-06-17 11:48:40.732', null, 0, 0);
INSERT INTO sys_api (id, handle, title, path, type, action, created_at, updated_at, deleted_at, create_by, update_by) VALUES (21, 'admin/apis.SysDictType.GetPage-fm', '字典类型列表', '/api/v1/dict/type', 'CHECK', 'GET', '2021-05-13 19:59:01.525', '2021-06-17 11:48:40.732', null, 0, 0);
INSERT INTO sys_api (id, handle, title, path, type, action, created_at, updated_at, deleted_at, create_by, update_by) VALUES (22, 'admin/apis.SysDictType.Insert-fm', '字典类型创建', '/api/v1/dict/type', 'CHECK', 'POST', '2021-05-13 19:59:04.391', '2021-06-17 11:48:40.732', null, 0, 0);
INSERT INTO sys_api (id, handle, title, path, type, action, created_at, updated_at, deleted_at, create_by, update_by) VALUES (23, 'admin/apis.SysDictType.Get-fm', '字典类型通过id获取', '/api/v1/dict/type/:id', 'CHECK', 'GET', '2021-05-13 19:59:01.632', '2021-06-17 11:48:40.732', null, 0, 0);
INSERT INTO sys_api (id, handle, title, path, type, action, created_at, updated_at, deleted_at, create_by, update_by) VALUES (24, 'admin/apis.SysDictData.GetPage-fm', '字典数据列表', '/api/v1/dict/data', 'CHECK', 'GET', '2021-05-13 19:59:01.684', '2021-06-17 11:48:40.732', null, 0, 0);
INSERT INTO sys_api (id, handle, title, path, type, action, created_at, updated_at, deleted_at, create_by, update_by) VALUES (25, 'admin/apis.SysDictData.Get-fm', '字典数据通过code获取', '/api/v1/dict/data/:dictCode', 'CHECK', 'GET', '2021-05-13 19:59:01.732', '2021-06-17 11:48:40.732', null, 0, 0);
INSERT INTO sys_api (id, handle, title, path, type, action, created_at, updated_at, deleted_at, create_by, update_by) VALUES (26, 'admin/apis.SysDictData.Delete-fm', '字典数据删除', '/api/v1/dict/data', 'CHECK', 'DELETE', '2021-05-13 19:59:06.387', '2021-06-17 11:48:40.732', null, 0, 0);
INSERT INTO sys_api (id, handle, title, path, type, action, created_at, updated_at, deleted_at, create_by, update_by) VALUES (27, 'admin/apis.SysDictData.Insert-fm', '字典数据创建', '/api/v1/dict/data', 'CHECK', 'POST', '2021-05-13 19:59:04.347', '2021-06-17 11:48:40.732', null, 0, 0);
INSERT INTO sys_api (id, handle, title, path, type, action, created_at, updated_at, deleted_at, create_by, update_by) VALUES (28, 'admin/apis.SysDictData.Update-fm', '字典数据编辑', '/api/v1/dict/data/:dictCode', 'CHECK', 'PUT', '2021-05-13 19:59:05.519', '2021-06-17 11:48:40.732', null, 0, 0);
INSERT INTO sys_api (id, handle, title, path, type, action, created_at, updated_at, deleted_at, create_by, update_by) VALUES (33, 'admin/apis.SysDept.Delete-fm', '部门删除', '/api/v1/dept', 'CHECK', 'DELETE', '2021-05-13 19:59:06.475', '2021-06-17 11:48:40.732', null, 0, 0);
INSERT INTO sys_api (id, handle, title, path, type, action, created_at, updated_at, deleted_at, create_by, update_by) VALUES (34, 'admin/apis.SysDept.Get-fm', '部门通过id获取', '/api/v1/dept/:id', 'CHECK', 'GET', '2021-05-13 19:59:02.009', '2021-06-17 11:48:40.732', null, 0, 0);
INSERT INTO sys_api (id, handle, title, path, type, action, created_at, updated_at, deleted_at, create_by, update_by) VALUES (35, 'admin/apis.SysDept.GetPage-fm', '部门列表', '/api/v1/dept', 'CHECK', 'GET', '2021-05-13 19:59:01.940', '2021-06-17 11:48:40.732', null, 0, 0);
INSERT INTO sys_api (id, handle, title, path, type, action, created_at, updated_at, deleted_at, create_by, update_by) VALUES (36, 'admin/apis.SysDept.Insert-fm', '部门创建', '/api/v1/dept', 'CHECK', 'POST', '2021-05-13 19:59:04.435', '2021-06-17 11:48:40.732', null, 0, 0);
INSERT INTO sys_api (id, handle, title, path, type, action, created_at, updated_at, deleted_at, create_by, update_by) VALUES (37, 'admin/apis.SysDept.Update-fm', '部门编辑', '/api/v1/dept/:id', 'CHECK', 'PUT', '2021-05-13 19:59:05.613', '2021-06-17 11:48:40.732', null, 0, 0);
INSERT INTO sys_api (id, handle, title, path, type, action, created_at, updated_at, deleted_at, create_by, update_by) VALUES (38, 'admin/apis.SysMenu.Delete-fm', '删除菜单', '/api/v1/menu', 'CHECK', 'DELETE', '2021-05-13 19:59:06.654', '2021-06-17 11:48:40.732', null, 0, 0);
INSERT INTO sys_api (id, handle, title, path, type, action, created_at, updated_at, deleted_at, create_by, update_by) VALUES (39, 'admin/apis.SysMenu.GetPage-fm', '菜单列表', '/api/v1/menu', 'CHECK', 'GET', '2021-05-13 19:59:02.497', '2021-06-17 11:48:40.732', null, 0, 0);
INSERT INTO sys_api (id, handle, title, path, type, action, created_at, updated_at, deleted_at, create_by, update_by) VALUES (40, 'admin/apis.SysMenu.Insert-fm', '菜单创建', '/api/v1/menu', 'CHECK', 'POST', '2021-05-13 19:59:04.777', '2021-06-17 11:48:40.732', null, 0, 0);
INSERT INTO sys_api (id, handle, title, path, type, action, created_at, updated_at, deleted_at, create_by, update_by) VALUES (41, 'admin/apis.SysMenu.Get-fm', '菜单通过id获取', '/api/v1/menu/:id', 'CHECK', 'GET', '2021-05-13 19:59:02.584', '2021-06-17 11:48:40.732', null, 0, 0);
INSERT INTO sys_api (id, handle, title, path, type, action, created_at, updated_at, deleted_at, create_by, update_by) VALUES (42, 'admin/apis.SysMenu.Update-fm', '编辑菜单', '/api/v1/menu/:id', 'CHECK', 'PUT', '2021-05-13 19:59:05.891', '2021-06-17 11:48:40.732', null, 0, 0);
INSERT INTO sys_api (id, handle, title, path, type, action, created_at, updated_at, deleted_at, create_by, update_by) VALUES (44, 'admin/apis.SysRole.Delete-fm', '角色删除', '/api/v1/role', 'CHECK', 'DELETE', '2021-05-13 19:59:06.746', '2021-06-17 11:48:40.732', null, 0, 0);
INSERT INTO sys_api (id, handle, title, path, type, action, created_at, updated_at, deleted_at, create_by, update_by) VALUES (45, 'admin/apis.SysRole.Get-fm', '角色通过id获取', '/api/v1/role/:id', 'CHECK', 'GET', '2021-05-13 19:59:02.850', '2021-10-05 21:15:23.9372424+08:00', null, 0, 0);
INSERT INTO sys_api (id, handle, title, path, type, action, created_at, updated_at, deleted_at, create_by, update_by) VALUES (46, 'admin/apis.SysRole.GetPage-fm', '角色列表', '/api/v1/role', 'CHECK', 'GET', '2021-05-13 19:59:02.720', '2021-10-05 21:15:23.9372424+08:00', null, 0, 0);
INSERT INTO sys_api (id, handle, title, path, type, action, created_at, updated_at, deleted_at, create_by, update_by) VALUES (47, 'admin/apis.SysRole.Insert-fm', '角色创建', '/api/v1/role', 'CHECK', 'POST', '2021-05-13 19:59:04.975', '2021-10-05 21:15:23.9372424+08:00', null, 0, 0);
INSERT INTO sys_api (id, handle, title, path, type, action, created_at, updated_at, deleted_at, create_by, update_by) VALUES (48, 'admin/apis.SysRole.Update-fm', '角色编辑', '/api/v1/role/:id', 'CHECK', 'PUT', '2021-05-13 19:59:05.752', '2021-10-05 21:15:23.9372424+08:00', null, 0, 0);
INSERT INTO sys_api (id, handle, title, path, type, action, created_at, updated_at, deleted_at, create_by, update_by) VALUES (49, 'admin/apis.SysRole.Update2DataScope-fm', '角色数据权限修改', '/api/v1/role-datascope', 'CHECK', 'PUT', '2021-05-13 19:59:05.803', '2021-10-05 21:15:23.9372424+08:00', null, 0, 0);
INSERT INTO sys_api (id, handle, title, path, type, action, created_at, updated_at, deleted_at, create_by, update_by) VALUES (50, 'admin/apis.SysRole.Update2Status-fm', '角色状态修改', '/api/v1/role-status', 'CHECK', 'PUT', '2021-06-13 19:25:01.446', '2021-10-05 21:15:23.9372424+08:00', null, 0, 0);
INSERT INTO sys_api (id, handle, title, path, type, action, created_at, updated_at, deleted_at, create_by, update_by) VALUES (51, 'admin/apis.SysConfig.Get2Set-fm', '参数获取全部【参数设置】', '/api/v1/set-config', 'CHECK', 'GET', '2021-05-27 11:54:14.384', '2021-10-05 19:50:03.4915132+08:00', null, 0, 0);
INSERT INTO sys_api (id, handle, title, path, type, action, created_at, updated_at, deleted_at, create_by, update_by) VALUES (52, 'admin/apis.SysConfig.Update2Set-fm', '参数信息修改【参数设置】', '/api/v1/set-config', 'CHECK', 'PUT', '2021-05-27 09:45:14.853', '2021-10-05 19:50:03.4915132+08:00', null, 0, 0);
INSERT INTO sys_api (id, handle, title, path, type, action, created_at, updated_at, deleted_at, create_by, update_by) VALUES (53, 'admin/apis.SysConfig.Delete-fm', '参数删除', '/api/v1/config', 'CHECK', 'DELETE', '2021-05-13 19:59:06.612', '2021-06-17 11:48:40.732', null, 0, 0);
INSERT INTO sys_api (id, handle, title, path, type, action, created_at, updated_at, deleted_at, create_by, update_by) VALUES (54, 'admin/apis.SysConfig.Get-fm', '参数通过id获取', '/api/v1/config/:id', 'CHECK', 'GET', '2021-05-13 19:59:03.157', '2021-06-17 11:48:40.732', null, 0, 0);
INSERT INTO sys_api (id, handle, title, path, type, action, created_at, updated_at, deleted_at, create_by, update_by) VALUES (55, 'admin/apis.SysConfig.GetPage-fm', '参数列表', '/api/v1/config', 'CHECK', 'GET', '2021-05-13 19:59:03.116', '2021-06-17 11:48:40.732', null, 0, 0);
INSERT INTO sys_api (id, handle, title, path, type, action, created_at, updated_at, deleted_at, create_by, update_by) VALUES (56, 'admin/apis.SysConfig.Insert-fm', '参数创建', '/api/v1/config', 'CHECK', 'POST', '2021-05-13 19:59:04.685', '2021-06-17 11:48:40.732', null, 0, 0);
INSERT INTO sys_api (id, handle, title, path, type, action, created_at, updated_at, deleted_at, create_by, update_by) VALUES (57, 'admin/apis.SysConfig.Update-fm', '参数编辑', '/api/v1/config/:id', 'CHECK', 'PUT', '2021-05-13 19:59:05.848', '2021-06-17 11:48:40.732', null, 0, 0);
INSERT INTO sys_api (id, handle, title, path, type, action, created_at, updated_at, deleted_at, create_by, update_by) VALUES (59, 'admin/apis.SysPost.Delete-fm', '岗位删除', '/api/v1/post', 'CHECK', 'DELETE', '2021-05-13 19:59:06.702', '2021-10-04 10:58:08.9016005+08:00', null, 0, 0);
INSERT INTO sys_api (id, handle, title, path, type, action, created_at, updated_at, deleted_at, create_by, update_by) VALUES (60, 'admin/apis.SysPost.Get-fm', '岗位通过id获取', '/api/v1/post/:id', 'CHECK', 'GET', '2021-05-13 19:59:03.433', '2021-06-17 11:48:40.732', null, 0, 0);
INSERT INTO sys_api (id, handle, title, path, type, action, created_at, updated_at, deleted_at, create_by, update_by) VALUES (61, 'admin/apis.SysPost.GetPage-fm', '岗位列表', '/api/v1/post', 'CHECK', 'GET', '2021-05-13 19:59:03.381', '2021-06-17 11:48:40.732', null, 0, 0);
INSERT INTO sys_api (id, handle, title, path, type, action, created_at, updated_at, deleted_at, create_by, update_by) VALUES (62, 'admin/apis.SysPost.Insert-fm', '岗位创建', '/api/v1/post', 'CHECK', 'POST', '2021-05-13 19:59:04.886', '2021-10-04 10:58:08.9016005+08:00', null, 0, 0);
INSERT INTO sys_api (id, handle, title, path, type, action, created_at, updated_at, deleted_at, create_by, update_by) VALUES (63, 'admin/apis.SysPost.Update-fm', '岗位编辑', '/api/v1/post/:id', 'CHECK', 'PUT', '2021-05-13 19:59:05.934', '2021-06-17 11:48:40.732', null, 0, 0);
INSERT INTO sys_api (id, handle, title, path, type, action, created_at, updated_at, deleted_at, create_by, update_by) VALUES (70, 'admin/apis.SysApi.Get-fm', '接口通过id获取', '/api/v1/sys-api/:id', 'CHECK', 'GET', '2021-05-24 11:37:53.359', '2021-06-17 11:48:40.732', null, 0, 0);
INSERT INTO sys_api (id, handle, title, path, type, action, created_at, updated_at, deleted_at, create_by, update_by) VALUES (71, 'admin/apis.SysApi.GetPage-fm', '接口列表', '/api/v1/sys-api', 'CHECK', 'GET', '2021-05-24 11:37:53.303', '2021-10-01 16:28:59.9941841+08:00', null, 0, 0);
INSERT INTO sys_api (id, handle, title, path, type, action, created_at, updated_at, deleted_at, create_by, update_by) VALUES (72, 'admin/apis.SysApi.Update-fm', '接口编辑', '/api/v1/sys-api/:id', 'CHECK', 'PUT', '2021-05-13 19:59:05.122', '2021-06-17 11:48:40.732', null, 0, 0);
INSERT INTO sys_api (id, handle, title, path, type, action, created_at, updated_at, deleted_at, create_by, update_by) VALUES (141, 'admin/apis.SysUser.GetPage-fm', '管理员列表', '/api/v1/sys-user', 'CHECK', 'GET', '2021-06-13 19:24:57.111', '2021-10-04 16:59:57.7087328+08:00', null, 0, 0);
INSERT INTO sys_api (id, handle, title, path, type, action, created_at, updated_at, deleted_at, create_by, update_by) VALUES (142, 'admin/apis.SysUser.Get-fm', '管理员通过id获取', '/api/v1/sys-user/:id', 'CHECK', 'GET', '2021-06-13 19:24:57.188', '2021-06-17 20:31:14.318', null, 0, 0);
INSERT INTO sys_api (id, handle, title, path, type, action, created_at, updated_at, deleted_at, create_by, update_by) VALUES (150, 'admin/apis.SysUser.Insert-fm', '管理员创建', '/api/v1/sys-user', 'CHECK', 'POST', '2021-06-13 19:25:00.233', '2021-06-17 20:31:14.318', null, 0, 0);
INSERT INTO sys_api (id, handle, title, path, type, action, created_at, updated_at, deleted_at, create_by, update_by) VALUES (151, 'admin/apis.SysUser.Update-fm', '管理员编辑', '/api/v1/sys-user', 'CHECK', 'PUT', '2021-06-13 19:25:00.986', '2021-06-17 20:31:14.318', null, 0, 0);
INSERT INTO sys_api (id, handle, title, path, type, action, created_at, updated_at, deleted_at, create_by, update_by) VALUES (154, 'admin/apis.SysUser.ResetPwd-fm', '重置密码', '/api/v1/sys-user/pwd/reset', 'CHECK', 'PUT', '2021-06-13 19:25:01.601', '2021-06-13 20:53:51.764', null, 0, 0);
INSERT INTO sys_api (id, handle, title, path, type, action, created_at, updated_at, deleted_at, create_by, update_by) VALUES (155, 'admin/apis.SysUser.UpdateStatus-fm', '修改用户状态', '/api/v1/sys-user/status', 'CHECK', 'PUT', '2021-06-13 19:25:01.671', '2021-06-13 20:53:51.806', null, 0, 0);
INSERT INTO sys_api (id, handle, title, path, type, action, created_at, updated_at, deleted_at, create_by, update_by) VALUES (156, 'admin/apis.SysUser.Delete-fm', '管理员删除', '/api/v1/sys-user', 'CHECK', 'DELETE', '2021-06-13 19:25:02.043', '2021-06-17 20:31:14.318', null, 0, 0);
INSERT INTO sys_api (id, handle, title, path, type, action, created_at, updated_at, deleted_at, create_by, update_by) VALUES (158, 'admin/core/ws.(*Manager).WsClient-fm', '链接ws【定时任务log】', '/ws/:id/:channel', 'CHECK', 'GET', '2021-05-13 19:59:03.705', '2021-06-13 20:53:50.167', null, 0, 0);
INSERT INTO sys_api (id, handle, title, path, type, action, created_at, updated_at, deleted_at, create_by, update_by) VALUES (159, 'admin/core/ws.(*Manager).UnWsClient-fm', '退出ws【定时任务log】', '/wslogout/:id/:channel', 'CHECK', 'GET', '2021-05-13 19:59:03.756', '2021-06-13 20:53:50.209', null, 0, 0);
INSERT INTO sys_api (id, handle, title, path, type, action, created_at, updated_at, deleted_at, create_by, update_by) VALUES (160, 'admin/apis.SysDictType.GetAll-fm', '字典类型查询', '/api/v1/dict/type-option-select', 'NOCHECK', 'GET', '2021-05-13 19:59:01.582', '2021-06-13 20:53:48.388', null, 0, 0);
INSERT INTO sys_api (id, handle, title, path, type, action, created_at, updated_at, deleted_at, create_by, update_by) VALUES (161, 'admin/apis.SysDictData.GetAll-fm', '数据字典根据类型获取', '/api/v1/dict-data/option-select', 'NOCHECK', 'GET', '2021-05-13 19:59:01.832', '2021-06-17 11:48:40.732', null, 0, 0);
INSERT INTO sys_api (id, handle, title, path, type, action, created_at, updated_at, deleted_at, create_by, update_by) VALUES (162, 'admin/apis.SysDept.Get2Tree-fm', '查询部门下拉树', '/api/v1/deptTree', 'NOCHECK', 'GET', '2021-05-13 19:59:02.050', '2021-06-17 11:48:40.732', null, 0, 0);
INSERT INTO sys_api (id, handle, title, path, type, action, created_at, updated_at, deleted_at, create_by, update_by) VALUES (163, 'admin/apis.SysMenu.GetMenuRole-fm', '角色菜单【顶部左侧菜单】', '/api/v1/menu-role', 'NOCHECK', 'GET', '2021-05-13 19:59:02.630', '2021-06-13 20:53:49.574', null, 0, 0);
INSERT INTO sys_api (id, handle, title, path, type, action, created_at, updated_at, deleted_at, create_by, update_by) VALUES (164, 'admin/apis.SysMenu.GetMenuIDS-fm', '获取角色对应的菜单id数组【废弃】', '/api/v1/menuids', 'NOCHECK', 'GET', '2021-05-13 19:59:02.675', '2021-06-03 22:39:52.500', null, 0, 0);
INSERT INTO sys_api (id, handle, title, path, type, action, created_at, updated_at, deleted_at, create_by, update_by) VALUES (165, 'admin/apis.SysConfig.GetSysConfigByKEYForService-fm', '参数通过键名搜索【基础默认配置】', '/api/v1/configKey/:configKey', 'NOCHECK', 'GET', '2021-05-13 19:59:03.198', '2021-06-13 20:53:49.745', null, 0, 0);
INSERT INTO sys_api (id, handle, title, path, type, action, created_at, updated_at, deleted_at, create_by, update_by) VALUES (166, 'admin/apis.SysConfig.GetSysConfigBySysApp-fm', '系统前端参数', '/api/v1/app-config', 'NOCHECK', 'GET', '2021-05-13 19:59:03.526', '2021-06-13 20:53:49.994', null, 0, 0);
INSERT INTO sys_api (id, handle, title, path, type, action, created_at, updated_at, deleted_at, create_by, update_by) VALUES (167, 'admin/apis.SysMenu.GetMenuTreeSelect-fm', '菜单权限列表【角色配菜单使用】', '/api/v1/roleMenuTreeSelect/:roleId', 'NOCHECK', 'GET', '2021-05-13 19:59:02.762', '2021-06-17 11:48:40.732', null, 0, 0);
INSERT INTO sys_api (id, handle, title, path, type, action, created_at, updated_at, deleted_at, create_by, update_by) VALUES (168, 'admin/apis.SysDept.GetDeptTreeRoleSelect-fm', '角色部门结构树【自定义数据权限】', '/api/v1/roleDeptTreeSelect/:roleId', 'NOCHECK', 'GET', '2021-05-13 19:59:02.809', '2021-06-17 11:48:40.732', null, 0, 0);
INSERT INTO sys_api (id, handle, title, path, type, action, created_at, updated_at, deleted_at, create_by, update_by) VALUES (169, 'admin/app/other/apis.File.UploadFile-fm', '文件上传', '/api/v1/public/uploadFile', 'NOCHECK', 'POST', '2021-05-25 19:16:18.493', '2021-06-13 20:53:50.866', null, 0, 0);
INSERT INTO sys_api (id, handle, title, path, type, action, created_at, updated_at, deleted_at, create_by, update_by) VALUES (170, 'admin/apis.SysUser.GetProfile-fm', '*用户信息获取', '/api/v1/user/profile', 'NOCHECK', 'GET', '2021-05-13 19:59:03.567', '2021-06-13 20:53:50.038', null, 0, 0);
INSERT INTO sys_api (id, handle, title, path, type, action, created_at, updated_at, deleted_at, create_by, update_by) VALUES (171, 'admin/apis.SysUser.InsetAvatar-fm', '*用户头像编辑', '/api/v1/user/avatar', 'NOCHECK', 'POST', '2021-05-13 19:59:05.058', '2021-06-13 20:53:51.079', null, 0, 0);
INSERT INTO sys_api (id, handle, title, path, type, action, created_at, updated_at, deleted_at, create_by, update_by) VALUES (172, 'admin/apis.SysUser.UpdatePwd-fm', '*用户修改密码', '/api/v1/user/pwd/set', 'NOCHECK', 'PUT', '2021-05-13 19:59:05.987', '2021-06-13 20:53:51.724', null, 0, 0);
INSERT INTO sys_api (id, handle, title, path, type, action, created_at, updated_at, deleted_at, create_by, update_by) VALUES (173, 'admin/apis.SysUser.GetInfo-fm', '用户信息获取', '/api/v1/getinfo', 'NOCHECK', 'GET', '2021-05-13 19:59:02.447', '2021-06-13 20:53:49.065', null, 0, 0);
INSERT INTO sys_api (id, handle, title, path, type, action, created_at, updated_at, deleted_at, create_by, update_by) VALUES (200, 'admin/common/middleware.GenerateCaptchaHandler', '验证码获取', '/api/v1/captcha', 'NOCHECK', 'GET', '2021-05-13 19:59:02.405', '2021-06-13 20:53:49.020', null, 0, 0);
INSERT INTO sys_api (id, handle, title, path, type, action, created_at, updated_at, deleted_at, create_by, update_by) VALUES (201, 'github.com/appleboy/gin-jwt/v2.(*GinJWTMiddleware).LoginHandler-fm', '*登录', '/api/v1/login', 'NOCHECK', 'POST', '2021-05-13 19:59:04.597', '2021-06-13 20:53:50.784', null, 0, 0);
INSERT INTO sys_api (id, handle, title, path, type, action, created_at, updated_at, deleted_at, create_by, update_by) VALUES (202, 'github.com/appleboy/gin-jwt/v2.(*GinJWTMiddleware).RefreshHandler-fm', '刷新token', '/api/v1/refresh_token', 'NOCHECK', 'GET', '2021-05-13 19:59:02.892', '2021-06-13 20:53:49.278', null, 0, 0);
INSERT INTO sys_api (id, handle, title, path, type, action, created_at, updated_at, deleted_at, create_by, update_by) VALUES (203, 'github.com/appleboy/gin-jwt/v2.(*GinJWTMiddleware).LogoutHandler-fm', '*退出', '/api/v1/logout', 'NOCHECK', 'POST', '2021-05-13 19:59:04.642', '2021-06-13 20:53:50.824', null, 0, 0);
INSERT INTO sys_api (id, handle, title, path, type, action, created_at, updated_at, deleted_at, create_by, update_by) VALUES (204, 'admin/common/middleware.GinWrapper.func1', '系统指标', '/metrics', 'NOCHECK', 'GET', '2021-05-17 22:13:55.933', '2021-06-13 20:53:49.614', null, 0, 0);
INSERT INTO sys_api (id, handle, title, path, type, action, created_at, updated_at, deleted_at, create_by, update_by) VALUES (205, 'admin/router.sysBaseRouter.func1', '健康状态', '/health', 'NOCHECK', 'GET', '2021-05-17 22:13:56.285', '2021-06-13 20:53:49.951', null, 0, 0);
INSERT INTO sys_api (id, handle, title, path, type, action, created_at, updated_at, deleted_at, create_by, update_by) VALUES (206, 'admin/apis.HelloWorld', '项目默认接口', '/', 'NOCHECK', 'GET', '2021-05-24 10:30:44.553', '2021-06-13 20:53:47.406', null, 0, 0);
INSERT INTO sys_api (id, handle, title, path, type, action, created_at, updated_at, deleted_at, create_by, update_by) VALUES (207, 'admin/common/middleware.ServerInfo', '服务器状态', '/server-monitor', 'NOCHECK', 'GET', '2021-05-24 10:30:44.937', '2021-06-13 20:53:48.255', null, 0, 0);
INSERT INTO sys_api (id, handle, title, path, type, action, created_at, updated_at, deleted_at, create_by, update_by) VALUES (208, 'admin/common/middleware/handler.Ping', '*用户基本信息', '/info', 'NOCHECK', 'GET', '2021-05-13 19:59:03.800', '2021-06-13 20:53:50.251', null, 0, 0);
INSERT INTO sys_api (id, handle, title, path, type, action, created_at, updated_at, deleted_at, create_by, update_by) VALUES (210, 'github.com/gin-gonic/gin.(*RouterGroup).createStaticHandler.func1', 'site', '/site/*filepath', 'NOCHECK', 'GET', '2021-10-03 19:10:59.6468863+08:00', '2021-10-03 19:10:59.6468863+08:00', null, 0, 0);
INSERT INTO sys_api (id, handle, title, path, type, action, created_at, updated_at, deleted_at, create_by, update_by) VALUES (211, 'github.com/swaggo/gin-swagger.CustomWrapHandler.func1', 'swagger', '/swagger/*any', 'NOCHECK', 'GET', '2021-06-13 19:24:59.713', '2021-06-13 20:53:50.123', null, 0, 0);
INSERT INTO sys_api (id, handle, title, path, type, action, created_at, updated_at, deleted_at, create_by, update_by) VALUES (212, 'github.com/gin-gonic/gin.(*RouterGroup).createStaticHandler.func1', 'static', '/static/*filepath', 'NOCHECK', 'GET', '2021-06-13 19:24:59.641', '2021-06-13 20:53:50.081', null, 0, 0);
INSERT INTO sys_api (id, handle, title, path, type, action, created_at, updated_at, deleted_at, create_by, update_by) VALUES (213, 'github.com/gin-gonic/gin.(*RouterGroup).createStaticHandler.func1', 'form-generator', '/form-generator/*filepath', 'NOCHECK', 'GET', '2021-06-13 19:24:59.914', '2021-06-13 20:53:50.295', null, 0, 0);
INSERT INTO sys_api (id, handle, title, path, type, action, created_at, updated_at, deleted_at, create_by, update_by) VALUES (214, 'github.com/gin-gonic/gin.(*RouterGroup).createStaticHandler.func1', 'static', '/static/*filepath', 'NOCHECK', 'HEAD', '2021-06-13 19:25:02.734', '2021-06-13 20:53:52.791', null, 0, 0);
INSERT INTO sys_api (id, handle, title, path, type, action, created_at, updated_at, deleted_at, create_by, update_by) VALUES (215, 'github.com/gin-gonic/gin.(*RouterGroup).createStaticHandler.func1', 'form-generator', '/form-generator/*filepath', 'NOCHECK', 'HEAD', '2021-06-13 19:25:02.808', '2021-06-13 20:53:52.838', null, 0, 0);
INSERT INTO sys_api (id, handle, title, path, type, action, created_at, updated_at, deleted_at, create_by, update_by) VALUES (216, 'admin/apis.TbxCountry.Delete-fm', '删除国家编码', '/api/v1/country', 'CHECK', 'DELETE', '2021-08-30 22:50:51.3428655+08:00', '2021-10-04 16:59:57.7087328+08:00', null, 0, 0);
INSERT INTO sys_api (id, handle, title, path, type, action, created_at, updated_at, deleted_at, create_by, update_by) VALUES (217, 'admin/apis.TbxCountry.Get-fm', '查看国家编码', '/api/v1/country/:code', 'CHECK', 'GET', '2021-08-30 22:50:51.3097563+08:00', '2021-10-05 17:30:10.7398408+08:00', null, 0, 0);
INSERT INTO sys_api (id, handle, title, path, type, action, created_at, updated_at, deleted_at, create_by, update_by) VALUES (218, 'admin/apis.TbxCountry.GetPage-fm', '国家编码列表', '/api/v1/country', 'CHECK', 'GET', '2021-08-30 22:50:51.3033729+08:00', '2021-10-05 17:30:10.7398408+08:00', null, 0, 0);
INSERT INTO sys_api (id, handle, title, path, type, action, created_at, updated_at, deleted_at, create_by, update_by) VALUES (219, 'admin/apis.TbxCountry.Insert-fm', '创建国家编码', '/api/v1/country', 'CHECK', 'POST', '2021-08-30 22:50:51.3240356+08:00', '2021-10-05 17:30:10.7398408+08:00', null, 0, 0);
INSERT INTO sys_api (id, handle, title, path, type, action, created_at, updated_at, deleted_at, create_by, update_by) VALUES (220, 'admin/apis.TbxCountry.Update-fm', '修改国家编码', '/api/v1/country/:code', 'CHECK', 'PUT', '2021-08-30 22:50:51.3337551+08:00', '2021-10-05 17:30:10.7398408+08:00', null, 0, 0);

INSERT INTO sys_config (id, config_name, config_key, config_value, config_type, is_frontend, remark, create_by, update_by, created_at, updated_at, deleted_at) VALUES (1, '皮肤样式', 'sys_index_skinName', 'skin-green', 'Y', 0, '主框架页-默认皮肤样式名称:蓝色 skin-blue、绿色 skin-green、紫色 skin-purple、红色 skin-red、黄色 skin-yellow', 1, 1, '2021-05-13 19:56:37.913', '2021-06-05 13:50:13.123', null);
INSERT INTO sys_config (id, config_name, config_key, config_value, config_type, is_frontend, remark, create_by, update_by, created_at, updated_at, deleted_at) VALUES (2, '初始密码', 'sys_user_initPassword', '123456', 'Y', 0, '用户管理-账号初始密码:123456', 1, 1, '2021-05-13 19:56:37.913', '2021-05-13 19:56:37.913', null);
INSERT INTO sys_config (id, config_name, config_key, config_value, config_type, is_frontend, remark, create_by, update_by, created_at, updated_at, deleted_at) VALUES (3, '侧栏主题', 'sys_index_sideTheme', 'theme-dark', 'Y', 0, '主框架页-侧边栏主题:深色主题theme-dark，浅色主题theme-light', 1, 1, '2021-05-13 19:56:37.913', '2021-05-13 19:56:37.913', null);
INSERT INTO sys_config (id, config_name, config_key, config_value, config_type, is_frontend, remark, create_by, update_by, created_at, updated_at, deleted_at) VALUES (4, '系统名称', 'sys_app_name', 'kobh管理系统', 'Y', 1, '', 1, 0, '2021-03-17 08:52:06.067', '2021-05-28 10:08:25.248', null);
INSERT INTO sys_config (id, config_name, config_key, config_value, config_type, is_frontend, remark, create_by, update_by, created_at, updated_at, deleted_at) VALUES (5, '系统logo', 'sys_app_logo', '/static/admin.png', 'Y', 1, '', 1, 0, '2021-03-17 08:53:19.462', '2021-03-17 08:53:19.462', null);


INSERT INTO sys_dept (dept_id, parent_id, dept_path, dept_name, sort, leader, phone, email, status, create_by, update_by, created_at, updated_at, deleted_at) VALUES (1, 0, '/0/1/', '总部', 0, null, null, null, 2, 1, 1, '2021-05-13 19:56:37.913', '2021-06-05 17:06:44.960', null);
INSERT INTO sys_dept (dept_id, parent_id, dept_path, dept_name, sort, leader, phone, email, status, create_by, update_by, created_at, updated_at, deleted_at) VALUES (2, 0, '/0/2/', '财务部', 1, null, null, null, 2, 1, 1, '2021-05-13 19:56:37.913', '2021-06-16 21:35:00.109', null);
INSERT INTO sys_dept (dept_id, parent_id, dept_path, dept_name, sort, leader, phone, email, status, create_by, update_by, created_at, updated_at, deleted_at) VALUES (3, 0, '/0/3/', '运维部', 2, null, null, null, 2, 1, 1, '2021-05-13 19:56:37.913', '2021-06-16 21:41:39.747', null);
INSERT INTO sys_dept (dept_id, parent_id, dept_path, dept_name, sort, leader, phone, email, status, create_by, update_by, created_at, updated_at, deleted_at) VALUES (4, 0, '/0/4/', '客服部', 3, null, null, null, 2, 1, 1, '2021-05-13 19:56:37.913', '2021-06-05 17:07:05.993', null);
INSERT INTO sys_dept (dept_id, parent_id, dept_path, dept_name, sort, leader, phone, email, status, create_by, update_by, created_at, updated_at, deleted_at) VALUES (5, 0, '/0/5/', '人力资源', 4, '', '', '', 2, 1, 1, '2021-05-13 19:56:37.913', '2021-10-04 16:14:59.7884056+08:00', null);

INSERT INTO sys_dict_type (dict_id, dict_name, dict_type, status, remark, create_by, update_by, created_at, updated_at, deleted_at) VALUES (1, '系统开关', 'sys_normal_disable', 2, '系统开关列表', 1, 1, '2021-05-13 19:56:37.914', '2021-05-13 19:56:37.914', null);
INSERT INTO sys_dict_type (dict_id, dict_name, dict_type, status, remark, create_by, update_by, created_at, updated_at, deleted_at) VALUES (2, '用户性别', 'sys_user_sex', 2, '用户性别列表', 1, 1, '2021-05-13 19:56:37.914', '2021-05-13 19:56:37.914', null);
INSERT INTO sys_dict_type (dict_id, dict_name, dict_type, status, remark, create_by, update_by, created_at, updated_at, deleted_at) VALUES (3, '菜单状态', 'sys_show_hide', 2, '菜单状态列表', 1, 1, '2021-05-13 19:56:37.914', '2021-05-13 19:56:37.914', null);
INSERT INTO sys_dict_type (dict_id, dict_name, dict_type, status, remark, create_by, update_by, created_at, updated_at, deleted_at) VALUES (4, '系统是否', 'sys_yes_no', 2, '系统是否列表', 1, 1, '2021-05-13 19:56:37.914', '2021-05-13 19:56:37.914', null);
INSERT INTO sys_dict_type (dict_id, dict_name, dict_type, status, remark, create_by, update_by, created_at, updated_at, deleted_at) VALUES (7, '通知类型', 'sys_notice_type', 2, '通知类型列表', 1, 1, '2021-05-13 19:56:37.914', '2021-05-13 19:56:37.914', null);
INSERT INTO sys_dict_type (dict_id, dict_name, dict_type, status, remark, create_by, update_by, created_at, updated_at, deleted_at) VALUES (8, '系统状态', 'sys_common_status', 2, '登录状态列表', 1, 1, '2021-05-13 19:56:37.914', '2021-05-13 19:56:37.914', null);
INSERT INTO sys_dict_type (dict_id, dict_name, dict_type, status, remark, create_by, update_by, created_at, updated_at, deleted_at) VALUES (9, '操作类型', 'sys_oper_type', 2, '操作类型列表', 1, 1, '2021-05-13 19:56:37.914', '2021-05-13 19:56:37.914', null);
INSERT INTO sys_dict_type (dict_id, dict_name, dict_type, status, remark, create_by, update_by, created_at, updated_at, deleted_at) VALUES (10, '通知状态', 'sys_notice_status', 2, '通知状态列表', 1, 1, '2021-05-13 19:56:37.914', '2021-05-13 19:56:37.914', null);
INSERT INTO sys_dict_type (dict_id, dict_name, dict_type, status, remark, create_by, update_by, created_at, updated_at, deleted_at) VALUES (11, '内容状态', 'sys_content_status', 2, '', 1, 1, '2021-05-13 19:56:40.813', '2021-05-13 19:56:40.813', null);

INSERT INTO sys_dict_data (dict_code, dict_sort, dict_label, dict_value, dict_type, css_class, list_class, is_default, status, "default", remark, create_by, update_by, created_at, updated_at, deleted_at) VALUES (1, 0, '正常', '2', 'sys_normal_disable', '', '', '', 2, '', '系统正常', 1, 1, '2021-05-13 19:56:37.914', '2021-05-13 19:56:40.168', null);
INSERT INTO sys_dict_data (dict_code, dict_sort, dict_label, dict_value, dict_type, css_class, list_class, is_default, status, "default", remark, create_by, update_by, created_at, updated_at, deleted_at) VALUES (2, 0, '停用', '1', 'sys_normal_disable', '', '', '', 2, '', '系统停用', 1, 1, '2021-05-13 19:56:37.914', '2021-05-13 19:56:37.914', null);
INSERT INTO sys_dict_data (dict_code, dict_sort, dict_label, dict_value, dict_type, css_class, list_class, is_default, status, "default", remark, create_by, update_by, created_at, updated_at, deleted_at) VALUES (3, 0, '男', '0', 'sys_user_sex', '', '', '', 2, '', '性别男', 1, 1, '2021-05-13 19:56:37.914', '2021-05-13 19:56:37.914', null);
INSERT INTO sys_dict_data (dict_code, dict_sort, dict_label, dict_value, dict_type, css_class, list_class, is_default, status, "default", remark, create_by, update_by, created_at, updated_at, deleted_at) VALUES (4, 0, '女', '1', 'sys_user_sex', '', '', '', 2, '', '性别女', 1, 1, '2021-05-13 19:56:37.914', '2021-05-13 19:56:37.914', null);
INSERT INTO sys_dict_data (dict_code, dict_sort, dict_label, dict_value, dict_type, css_class, list_class, is_default, status, "default", remark, create_by, update_by, created_at, updated_at, deleted_at) VALUES (5, 0, '未知', '2', 'sys_user_sex', '', '', '', 2, '', '性别未知', 1, 1, '2021-05-13 19:56:37.914', '2021-05-13 19:56:37.914', null);
INSERT INTO sys_dict_data (dict_code, dict_sort, dict_label, dict_value, dict_type, css_class, list_class, is_default, status, "default", remark, create_by, update_by, created_at, updated_at, deleted_at) VALUES (6, 0, '显示', '0', 'sys_show_hide', '', '', '', 2, '', '显示菜单', 1, 1, '2021-05-13 19:56:37.914', '2021-05-13 19:56:37.914', null);
INSERT INTO sys_dict_data (dict_code, dict_sort, dict_label, dict_value, dict_type, css_class, list_class, is_default, status, "default", remark, create_by, update_by, created_at, updated_at, deleted_at) VALUES (7, 0, '隐藏', '1', 'sys_show_hide', '', '', '', 2, '', '隐藏菜单', 1, 1, '2021-05-13 19:56:37.914', '2021-05-13 19:56:37.914', null);
INSERT INTO sys_dict_data (dict_code, dict_sort, dict_label, dict_value, dict_type, css_class, list_class, is_default, status, "default", remark, create_by, update_by, created_at, updated_at, deleted_at) VALUES (8, 0, '是', 'Y', 'sys_yes_no', '', '', '', 2, '', '系统默认是', 1, 1, '2021-05-13 19:56:37.914', '2021-05-13 19:56:37.914', null);
INSERT INTO sys_dict_data (dict_code, dict_sort, dict_label, dict_value, dict_type, css_class, list_class, is_default, status, "default", remark, create_by, update_by, created_at, updated_at, deleted_at) VALUES (9, 0, '否', 'N', 'sys_yes_no', '', '', '', 2, '', '系统默认否', 1, 1, '2021-05-13 19:56:37.914', '2021-05-13 19:56:37.914', null);
INSERT INTO sys_dict_data (dict_code, dict_sort, dict_label, dict_value, dict_type, css_class, list_class, is_default, status, "default", remark, create_by, update_by, created_at, updated_at, deleted_at) VALUES (14, 0, '通知', '1', 'sys_notice_type', '', '', '', 2, '', '通知', 1, 1, '2021-05-13 19:56:37.914', '2021-05-13 19:56:37.914', null);
INSERT INTO sys_dict_data (dict_code, dict_sort, dict_label, dict_value, dict_type, css_class, list_class, is_default, status, "default", remark, create_by, update_by, created_at, updated_at, deleted_at) VALUES (15, 0, '公告', '2', 'sys_notice_type', '', '', '', 2, '', '公告', 1, 1, '2021-05-13 19:56:37.914', '2021-05-13 19:56:37.914', null);
INSERT INTO sys_dict_data (dict_code, dict_sort, dict_label, dict_value, dict_type, css_class, list_class, is_default, status, "default", remark, create_by, update_by, created_at, updated_at, deleted_at) VALUES (16, 0, '正常', '2', 'sys_common_status', '', '', '', 2, '', '正常状态', 1, 1, '2021-05-13 19:56:37.914', '2021-05-13 19:56:37.914', null);
INSERT INTO sys_dict_data (dict_code, dict_sort, dict_label, dict_value, dict_type, css_class, list_class, is_default, status, "default", remark, create_by, update_by, created_at, updated_at, deleted_at) VALUES (17, 0, '关闭', '1', 'sys_common_status', '', '', '', 2, '', '关闭状态', 1, 1, '2021-05-13 19:56:37.914', '2021-05-13 19:56:37.914', null);
INSERT INTO sys_dict_data (dict_code, dict_sort, dict_label, dict_value, dict_type, css_class, list_class, is_default, status, "default", remark, create_by, update_by, created_at, updated_at, deleted_at) VALUES (18, 0, '新增', '1', 'sys_oper_type', '', '', '', 2, '', '新增操作', 1, 1, '2021-05-13 19:56:37.914', '2021-05-13 19:56:37.914', null);
INSERT INTO sys_dict_data (dict_code, dict_sort, dict_label, dict_value, dict_type, css_class, list_class, is_default, status, "default", remark, create_by, update_by, created_at, updated_at, deleted_at) VALUES (19, 0, '修改', '2', 'sys_oper_type', '', '', '', 2, '', '修改操作', 1, 1, '2021-05-13 19:56:37.914', '2021-05-13 19:56:37.914', null);
INSERT INTO sys_dict_data (dict_code, dict_sort, dict_label, dict_value, dict_type, css_class, list_class, is_default, status, "default", remark, create_by, update_by, created_at, updated_at, deleted_at) VALUES (20, 0, '删除', '3', 'sys_oper_type', '', '', '', 2, '', '删除操作', 1, 1, '2021-05-13 19:56:37.914', '2021-05-13 19:56:37.914', null);
INSERT INTO sys_dict_data (dict_code, dict_sort, dict_label, dict_value, dict_type, css_class, list_class, is_default, status, "default", remark, create_by, update_by, created_at, updated_at, deleted_at) VALUES (21, 0, '授权', '4', 'sys_oper_type', '', '', '', 2, '', '授权操作', 1, 1, '2021-05-13 19:56:37.914', '2021-05-13 19:56:37.914', null);
INSERT INTO sys_dict_data (dict_code, dict_sort, dict_label, dict_value, dict_type, css_class, list_class, is_default, status, "default", remark, create_by, update_by, created_at, updated_at, deleted_at) VALUES (22, 0, '导出', '5', 'sys_oper_type', '', '', '', 2, '', '导出操作', 1, 1, '2021-05-13 19:56:37.914', '2021-05-13 19:56:37.914', null);
INSERT INTO sys_dict_data (dict_code, dict_sort, dict_label, dict_value, dict_type, css_class, list_class, is_default, status, "default", remark, create_by, update_by, created_at, updated_at, deleted_at) VALUES (23, 0, '导入', '6', 'sys_oper_type', '', '', '', 2, '', '导入操作', 1, 1, '2021-05-13 19:56:37.914', '2021-05-13 19:56:37.914', null);
INSERT INTO sys_dict_data (dict_code, dict_sort, dict_label, dict_value, dict_type, css_class, list_class, is_default, status, "default", remark, create_by, update_by, created_at, updated_at, deleted_at) VALUES (24, 0, '强退', '7', 'sys_oper_type', '', '', '', 2, '', '强退操作', 1, 1, '2021-05-13 19:56:37.914', '2021-05-13 19:56:37.914', null);
INSERT INTO sys_dict_data (dict_code, dict_sort, dict_label, dict_value, dict_type, css_class, list_class, is_default, status, "default", remark, create_by, update_by, created_at, updated_at, deleted_at) VALUES (25, 0, '生成代码', '8', 'sys_oper_type', '', '', '', 2, '', '生成操作', 1, 1, '2021-05-13 19:56:37.914', '2021-05-13 19:56:37.914', null);
INSERT INTO sys_dict_data (dict_code, dict_sort, dict_label, dict_value, dict_type, css_class, list_class, is_default, status, "default", remark, create_by, update_by, created_at, updated_at, deleted_at) VALUES (26, 0, '清空数据', '9', 'sys_oper_type', '', '', '', 2, '', '清空操作', 1, 1, '2021-05-13 19:56:37.914', '2021-05-13 19:56:37.914', null);
INSERT INTO sys_dict_data (dict_code, dict_sort, dict_label, dict_value, dict_type, css_class, list_class, is_default, status, "default", remark, create_by, update_by, created_at, updated_at, deleted_at) VALUES (27, 0, '成功', '0', 'sys_notice_status', '', '', '', 2, '', '成功状态', 1, 1, '2021-05-13 19:56:37.914', '2021-05-13 19:56:37.914', null);
INSERT INTO sys_dict_data (dict_code, dict_sort, dict_label, dict_value, dict_type, css_class, list_class, is_default, status, "default", remark, create_by, update_by, created_at, updated_at, deleted_at) VALUES (28, 0, '失败', '1', 'sys_notice_status', '', '', '', 2, '', '失败状态', 1, 1, '2021-05-13 19:56:37.914', '2021-05-13 19:56:37.914', null);
INSERT INTO sys_dict_data (dict_code, dict_sort, dict_label, dict_value, dict_type, css_class, list_class, is_default, status, "default", remark, create_by, update_by, created_at, updated_at, deleted_at) VALUES (29, 0, '登录', '10', 'sys_oper_type', '', '', '', 2, '', '登录操作', 1, 1, '2021-05-13 19:56:37.914', '2021-05-13 19:56:37.914', null);
INSERT INTO sys_dict_data (dict_code, dict_sort, dict_label, dict_value, dict_type, css_class, list_class, is_default, status, "default", remark, create_by, update_by, created_at, updated_at, deleted_at) VALUES (30, 0, '退出', '11', 'sys_oper_type', '', '', '', 2, '', '', 1, 1, '2021-05-13 19:56:37.914', '2021-05-13 19:56:37.914', null);
INSERT INTO sys_dict_data (dict_code, dict_sort, dict_label, dict_value, dict_type, css_class, list_class, is_default, status, "default", remark, create_by, update_by, created_at, updated_at, deleted_at) VALUES (31, 0, '获取验证码', '12', 'sys_oper_type', '', '', '', 2, '', '获取验证码', 1, 1, '2021-05-13 19:56:37.914', '2021-05-13 19:56:37.914', null);
INSERT INTO sys_dict_data (dict_code, dict_sort, dict_label, dict_value, dict_type, css_class, list_class, is_default, status, "default", remark, create_by, update_by, created_at, updated_at, deleted_at) VALUES (32, 0, '正常', '1', 'sys_content_status', '', '', '', 1, '', '', 1, 1, '2021-05-13 19:56:40.845', '2021-05-13 19:56:40.845', null);
INSERT INTO sys_dict_data (dict_code, dict_sort, dict_label, dict_value, dict_type, css_class, list_class, is_default, status, "default", remark, create_by, update_by, created_at, updated_at, deleted_at) VALUES (33, 1, '禁用', '2', 'sys_content_status', '', '', '', 1, '', '', 1, 1, '2021-05-13 19:56:40.845', '2021-05-13 19:56:40.845', null);


INSERT INTO sys_menu (menu_id, menu_name, title, icon, path, paths, menu_type, action, permission, parent_id, no_cache, breadcrumb, component, sort, visible, is_frame, create_by, update_by, created_at, updated_at, deleted_at) VALUES (2, 'Admin', '系统管理', 'api-server', '/admin', '', 'M', '', '', 0, 1, '', 'Layout', 10, '0', '1', 1, 1, '2021-05-20 21:58:45.679', '2021-10-05 21:15:23.9361659+08:00', null);
INSERT INTO sys_menu (menu_id, menu_name, title, icon, path, paths, menu_type, action, permission, parent_id, no_cache, breadcrumb, component, sort, visible, is_frame, create_by, update_by, created_at, updated_at, deleted_at) VALUES (3, 'SysTools', '系统工具', 'system-tools', '/sys-tools', null, 'M', null, '', 0, 0, '', 'Layout', 30, '0', '1', 1, 1, '2021-05-21 11:13:32.166', '2021-06-16 21:26:12.446', null);
INSERT INTO sys_menu (menu_id, menu_name, title, icon, path, paths, menu_type, action, permission, parent_id, no_cache, breadcrumb, component, sort, visible, is_frame, create_by, update_by, created_at, updated_at, deleted_at) VALUES (4, 'Tools', '开发工具', 'dev-tools', '/dev-tools', null, 'M', null, '', 0, 0, '', 'Layout', 40, '0', '1', 1, 1, '2020-04-11 15:52:48.000', '2021-06-05 22:15:03.465', null);
INSERT INTO sys_menu (menu_id, menu_name, title, icon, path, paths, menu_type, action, permission, parent_id, no_cache, breadcrumb, component, sort, visible, is_frame, create_by, update_by, created_at, updated_at, deleted_at) VALUES (9, 'Log', '日志管理', 'log', '/admin/log', null, 'M', null, '', 2, 0, '', '/log/index', 80, '0', '1', 1, 1, '2021-05-20 22:08:44.526', '2021-06-17 11:48:40.703', null);
INSERT INTO sys_menu (menu_id, menu_name, title, icon, path, paths, menu_type, action, permission, parent_id, no_cache, breadcrumb, component, sort, visible, is_frame, create_by, update_by, created_at, updated_at, deleted_at) VALUES (10, 'SysUserManage', '用户管理', 'user', '/admin/sys-user', null, 'C', null, '', 2, 0, '', '/admin/sys-user/index', 10, '0', '1', 1, 1, '2021-05-20 22:08:44.526', '2021-10-04 16:59:57.7082219+08:00', null);
INSERT INTO sys_menu (menu_id, menu_name, title, icon, path, paths, menu_type, action, permission, parent_id, no_cache, breadcrumb, component, sort, visible, is_frame, create_by, update_by, created_at, updated_at, deleted_at) VALUES (11, '', '用户列表', 'app-group-fill', '', null, 'F', null, 'admin:sysUser:list', 10, 0, '', '', 5, '0', '1', 1, 1, '2021-05-20 22:08:44.526', '2021-10-04 16:59:57.7082219+08:00', null);
INSERT INTO sys_menu (menu_id, menu_name, title, icon, path, paths, menu_type, action, permission, parent_id, no_cache, breadcrumb, component, sort, visible, is_frame, create_by, update_by, created_at, updated_at, deleted_at) VALUES (12, '', '新增用户', 'app-group-fill', '', null, 'F', null, 'admin:sysUser:add', 10, 0, '', '', 10, '0', '1', 1, 1, '2021-05-20 22:08:44.526', '2021-06-17 20:31:14.305', null);
INSERT INTO sys_menu (menu_id, menu_name, title, icon, path, paths, menu_type, action, permission, parent_id, no_cache, breadcrumb, component, sort, visible, is_frame, create_by, update_by, created_at, updated_at, deleted_at) VALUES (13, '', '修改用户', 'app-group-fill', '', null, 'F', null, 'admin:sysUser:edit', 10, 0, '', '', 30, '0', '1', 1, 1, '2021-05-20 22:08:44.526', '2021-06-17 20:31:14.305', null);
INSERT INTO sys_menu (menu_id, menu_name, title, icon, path, paths, menu_type, action, permission, parent_id, no_cache, breadcrumb, component, sort, visible, is_frame, create_by, update_by, created_at, updated_at, deleted_at) VALUES (14, '', '删除用户', 'app-group-fill', '', null, 'F', null, 'admin:sysUser:remove', 10, 0, '', '', 20, '0', '1', 1, 1, '2021-05-20 22:08:44.526', '2021-06-17 20:31:14.305', null);
INSERT INTO sys_menu (menu_id, menu_name, title, icon, path, paths, menu_type, action, permission, parent_id, no_cache, breadcrumb, component, sort, visible, is_frame, create_by, update_by, created_at, updated_at, deleted_at) VALUES (15, 'SysApiManage', '接口管理', 'api-doc', '/admin/sys-api', null, 'C', null, '', 2, 0, '', '/admin/sys-api/index', 5, '0', '1', 1, 1, '2021-05-20 22:08:44.526+00:00', '2021-10-01 16:28:59.9941442+08:00', null);
INSERT INTO sys_menu (menu_id, menu_name, title, icon, path, paths, menu_type, action, permission, parent_id, no_cache, breadcrumb, component, sort, visible, is_frame, create_by, update_by, created_at, updated_at, deleted_at) VALUES (16, '', '接口列表', 'app-group-fill', '', null, 'F', null, 'admin:sysApi:list', 15, 0, '', '', 10, '0', '1', 1, 1, '2021-05-20 22:08:44.526', '2021-06-17 11:48:40.703', null);
INSERT INTO sys_menu (menu_id, menu_name, title, icon, path, paths, menu_type, action, permission, parent_id, no_cache, breadcrumb, component, sort, visible, is_frame, create_by, update_by, created_at, updated_at, deleted_at) VALUES (17, '', '修改接口', 'app-group-fill', '', null, 'F', null, 'admin:sysApi:edit', 15, 0, '', '', 20, '0', '1', 1, 1, '2021-05-20 22:08:44.526', '2021-06-17 11:48:40.703', null);
INSERT INTO sys_menu (menu_id, menu_name, title, icon, path, paths, menu_type, action, permission, parent_id, no_cache, breadcrumb, component, sort, visible, is_frame, create_by, update_by, created_at, updated_at, deleted_at) VALUES (19, 'SysConfigSet', '参数设置', 'system-tools', '/admin/sys-config/set', null, 'C', null, '', 2, 0, '', '/admin/sys-config/set', 1, '0', '1', 1, 1, '2021-05-25 16:06:52.56+00:00', '2021-10-05 19:50:03.4910076+08:00', null);
INSERT INTO sys_menu (menu_id, menu_name, title, icon, path, paths, menu_type, action, permission, parent_id, no_cache, breadcrumb, component, sort, visible, is_frame, create_by, update_by, created_at, updated_at, deleted_at) VALUES (20, 'ServerMonitor', '服务监控', 'druid', '/sys-tools/monitor', null, 'C', null, '', 3, 0, '', '/sys-tools/monitor', 10, '0', '1', 1, 1, '2020-04-14 00:28:19+00:00', '2021-10-01 16:47:14.9694716+08:00', null);
INSERT INTO sys_menu (menu_id, menu_name, title, icon, path, paths, menu_type, action, permission, parent_id, no_cache, breadcrumb, component, sort, visible, is_frame, create_by, update_by, created_at, updated_at, deleted_at) VALUES (21, 'File', '文件管理', 'documentation', '/sys-tools/file-manage', null, 'C', null, '', 3, 1, '', '/sys-tools/file-manage', 20, '0', '1', 1, 1, '2021-05-13 19:56:39.69+00:00', '2021-10-05 20:35:29.9722292+08:00', null);
INSERT INTO sys_menu (menu_id, menu_name, title, icon, path, paths, menu_type, action, permission, parent_id, no_cache, breadcrumb, component, sort, visible, is_frame, create_by, update_by, created_at, updated_at, deleted_at) VALUES (22, 'Swagger', '系统接口', 'guide', '/dev-tools/swagger', null, 'C', null, '', 4, 0, '', '/dev-tools/swagger/index', 10, '0', '1', 1, 1, '2020-04-11 15:52:48+00:00', '2021-10-01 16:42:56.355826+08:00', null);
INSERT INTO sys_menu (menu_id, menu_name, title, icon, path, paths, menu_type, action, permission, parent_id, no_cache, breadcrumb, component, sort, visible, is_frame, create_by, update_by, created_at, updated_at, deleted_at) VALUES (23, 'Build', '表单构建', 'build', '/dev-tools/build', null, 'C', null, '', 4, 0, '', '/dev-tools/build/index', 20, '0', '1', 1, 1, '2020-04-11 15:52:48+00:00', '2021-10-01 16:43:06.8225548+08:00', null);
INSERT INTO sys_menu (menu_id, menu_name, title, icon, path, paths, menu_type, action, permission, parent_id, no_cache, breadcrumb, component, sort, visible, is_frame, create_by, update_by, created_at, updated_at, deleted_at) VALUES (30, 'SysMenuManage', '菜单管理', 'tree-table', '/admin/sys-menu', null, 'C', null, '', 2, 1, '', '/admin/sys-menu/index', 30, '0', '1', 1, 1, '2021-05-20 22:08:44.526', '2021-06-17 11:48:40.703', null);
INSERT INTO sys_menu (menu_id, menu_name, title, icon, path, paths, menu_type, action, permission, parent_id, no_cache, breadcrumb, component, sort, visible, is_frame, create_by, update_by, created_at, updated_at, deleted_at) VALUES (31, '', '菜单列表', 'app-group-fill', '', null, 'F', null, 'admin:sysMenu:list', 30, 0, '', '', 10, '0', '1', 1, 1, '2020-04-11 15:52:48.000', '2021-06-17 11:48:40.703', null);
INSERT INTO sys_menu (menu_id, menu_name, title, icon, path, paths, menu_type, action, permission, parent_id, no_cache, breadcrumb, component, sort, visible, is_frame, create_by, update_by, created_at, updated_at, deleted_at) VALUES (32, '', '新增菜单', 'app-group-fill', '', null, 'F', null, 'admin:sysMenu:add', 30, 0, '', '', 20, '0', '1', 1, 1, '2020-04-11 15:52:48.000', '2021-06-17 11:48:40.703', null);
INSERT INTO sys_menu (menu_id, menu_name, title, icon, path, paths, menu_type, action, permission, parent_id, no_cache, breadcrumb, component, sort, visible, is_frame, create_by, update_by, created_at, updated_at, deleted_at) VALUES (33, '', '修改菜单', 'app-group-fill', '', null, 'F', null, 'admin:sysMenu:edit', 30, 0, '', '', 30, '0', '1', 1, 1, '2020-04-11 15:52:48.000', '2021-06-17 11:48:40.703', null);
INSERT INTO sys_menu (menu_id, menu_name, title, icon, path, paths, menu_type, action, permission, parent_id, no_cache, breadcrumb, component, sort, visible, is_frame, create_by, update_by, created_at, updated_at, deleted_at) VALUES (34, '', '删除菜单', 'app-group-fill', '', null, 'F', null, 'admin:sysMenu:remove', 30, 0, '', '', 40, '0', '1', 1, 1, '2020-04-11 15:52:48.000', '2021-06-17 11:48:40.703', null);
INSERT INTO sys_menu (menu_id, menu_name, title, icon, path, paths, menu_type, action, permission, parent_id, no_cache, breadcrumb, component, sort, visible, is_frame, create_by, update_by, created_at, updated_at, deleted_at) VALUES (40, 'SysRoleManage', '角色管理', 'peoples', '/admin/sys-role', '', 'C', '', '', 2, 1, '', '/admin/sys-role/index', 20, '0', '1', 1, 1, '2021-05-20 22:08:44.526', '2021-10-05 21:15:23.9361659+08:00', null);
INSERT INTO sys_menu (menu_id, menu_name, title, icon, path, paths, menu_type, action, permission, parent_id, no_cache, breadcrumb, component, sort, visible, is_frame, create_by, update_by, created_at, updated_at, deleted_at) VALUES (41, '', '角色列表', 'app-group-fill', '', '', 'F', '', 'admin:sysRole:list', 40, 0, '', '', 10, '0', '1', 1, 1, '2020-04-11 15:52:48.000', '2021-10-05 21:15:23.9361659+08:00', null);
INSERT INTO sys_menu (menu_id, menu_name, title, icon, path, paths, menu_type, action, permission, parent_id, no_cache, breadcrumb, component, sort, visible, is_frame, create_by, update_by, created_at, updated_at, deleted_at) VALUES (42, '', '新增角色', 'app-group-fill', '', '', 'F', '', 'admin:sysRole:add', 40, 0, '', '', 20, '0', '1', 1, 1, '2020-04-11 15:52:48.000', '2021-10-05 21:15:23.9361659+08:00', null);
INSERT INTO sys_menu (menu_id, menu_name, title, icon, path, paths, menu_type, action, permission, parent_id, no_cache, breadcrumb, component, sort, visible, is_frame, create_by, update_by, created_at, updated_at, deleted_at) VALUES (43, '', '修改角色', 'app-group-fill', '', '', 'F', '', 'admin:sysRole:update', 40, 0, '', '', 30, '0', '1', 1, 1, '2020-04-11 15:52:48.000', '2021-10-05 21:15:23.9361659+08:00', null);
INSERT INTO sys_menu (menu_id, menu_name, title, icon, path, paths, menu_type, action, permission, parent_id, no_cache, breadcrumb, component, sort, visible, is_frame, create_by, update_by, created_at, updated_at, deleted_at) VALUES (44, '', '删除角色', 'app-group-fill', '', null, 'F', null, 'admin:sysRole:remove', 40, 0, '', '', 40, '0', '1', 1, 1, '2020-04-11 15:52:48.000', '2021-06-17 11:48:40.703', null);
INSERT INTO sys_menu (menu_id, menu_name, title, icon, path, paths, menu_type, action, permission, parent_id, no_cache, breadcrumb, component, sort, visible, is_frame, create_by, update_by, created_at, updated_at, deleted_at) VALUES (50, 'SysConfigManage', '参数管理', 'swagger', '/admin/sys-config', null, 'C', null, '', 2, 0, '', '/admin/sys-config/index', 70, '0', '1', 1, 1, '2021-05-20 22:08:44.526', '2021-06-17 11:48:40.703', null);
INSERT INTO sys_menu (menu_id, menu_name, title, icon, path, paths, menu_type, action, permission, parent_id, no_cache, breadcrumb, component, sort, visible, is_frame, create_by, update_by, created_at, updated_at, deleted_at) VALUES (51, '', '参数列表', 'app-group-fill', '', null, 'F', null, 'admin:sysConfig:list', 50, 0, '', '', 10, '0', '1', 1, 1, '2020-04-11 15:52:48.000', '2021-06-17 11:48:40.703', null);
INSERT INTO sys_menu (menu_id, menu_name, title, icon, path, paths, menu_type, action, permission, parent_id, no_cache, breadcrumb, component, sort, visible, is_frame, create_by, update_by, created_at, updated_at, deleted_at) VALUES (52, '', '新增参数', 'app-group-fill', '', null, 'F', null, 'admin:sysConfig:add', 50, 0, '', '', 20, '0', '1', 1, 1, '2020-04-11 15:52:48.000', '2021-06-17 11:48:40.703', null);
INSERT INTO sys_menu (menu_id, menu_name, title, icon, path, paths, menu_type, action, permission, parent_id, no_cache, breadcrumb, component, sort, visible, is_frame, create_by, update_by, created_at, updated_at, deleted_at) VALUES (53, '', '修改参数', 'app-group-fill', '', null, 'F', null, 'admin:sysConfig:edit', 50, 0, '', '', 30, '0', '1', 1, 1, '2020-04-11 15:52:48.000', '2021-06-17 11:48:40.703', null);
INSERT INTO sys_menu (menu_id, menu_name, title, icon, path, paths, menu_type, action, permission, parent_id, no_cache, breadcrumb, component, sort, visible, is_frame, create_by, update_by, created_at, updated_at, deleted_at) VALUES (54, '', '删除参数', 'app-group-fill', '', null, 'F', null, 'admin:sysConfig:remove', 50, 0, '', '', 40, '0', '1', 1, 1, '2020-04-11 15:52:48.000', '2021-06-17 11:48:40.703', null);
INSERT INTO sys_menu (menu_id, menu_name, title, icon, path, paths, menu_type, action, permission, parent_id, no_cache, breadcrumb, component, sort, visible, is_frame, create_by, update_by, created_at, updated_at, deleted_at) VALUES (60, 'SysDeptManage', '部门管理', 'tree', '/admin/sys-dept', null, 'C', null, '', 2, 0, '', '/admin/sys-dept/index', 40, '0', '1', 1, 1, '2021-05-20 22:08:44.526', '2021-06-17 11:48:40.703', null);
INSERT INTO sys_menu (menu_id, menu_name, title, icon, path, paths, menu_type, action, permission, parent_id, no_cache, breadcrumb, component, sort, visible, is_frame, create_by, update_by, created_at, updated_at, deleted_at) VALUES (61, '', '部门列表', 'app-group-fill', '', null, 'F', null, 'admin:sysDept:list', 60, 0, '', '', 10, '0', '1', 1, 1, '2021-05-20 22:08:44.526', '2021-06-17 11:48:40.703', null);
INSERT INTO sys_menu (menu_id, menu_name, title, icon, path, paths, menu_type, action, permission, parent_id, no_cache, breadcrumb, component, sort, visible, is_frame, create_by, update_by, created_at, updated_at, deleted_at) VALUES (62, '', '新增部门', 'app-group-fill', '', null, 'F', null, 'admin:sysDept:add', 60, 0, '', '', 20, '0', '1', 1, 1, '2021-05-20 22:08:44.526', '2021-06-17 11:48:40.703', null);
INSERT INTO sys_menu (menu_id, menu_name, title, icon, path, paths, menu_type, action, permission, parent_id, no_cache, breadcrumb, component, sort, visible, is_frame, create_by, update_by, created_at, updated_at, deleted_at) VALUES (63, '', '修改部门', 'app-group-fill', '', null, 'F', null, 'admin:sysDept:edit', 60, 0, '', '', 30, '0', '1', 1, 1, '2021-05-20 22:08:44.526', '2021-06-17 11:48:40.703', null);
INSERT INTO sys_menu (menu_id, menu_name, title, icon, path, paths, menu_type, action, permission, parent_id, no_cache, breadcrumb, component, sort, visible, is_frame, create_by, update_by, created_at, updated_at, deleted_at) VALUES (64, '', '删除部门', 'app-group-fill', '', null, 'F', null, 'admin:sysDept:remove', 60, 0, '', '', 40, '0', '1', 1, 1, '2021-05-20 22:08:44.526', '2021-06-17 11:48:40.703', null);
INSERT INTO sys_menu (menu_id, menu_name, title, icon, path, paths, menu_type, action, permission, parent_id, no_cache, breadcrumb, component, sort, visible, is_frame, create_by, update_by, created_at, updated_at, deleted_at) VALUES (70, 'SysPostManage', '岗位管理', 'project-manage', '/admin/sys-post', null, 'C', null, '', 2, 0, '', '/admin/sys-post/index', 50, '0', '1', 1, 1, '2021-05-20 22:08:44.526+00:00', '2021-10-05 20:32:36.7022482+08:00', null);
INSERT INTO sys_menu (menu_id, menu_name, title, icon, path, paths, menu_type, action, permission, parent_id, no_cache, breadcrumb, component, sort, visible, is_frame, create_by, update_by, created_at, updated_at, deleted_at) VALUES (71, '', '岗位列表', 'app-group-fill', '', null, 'F', null, 'admin:sysPost:list', 70, 0, '', '', 10, '0', '1', 1, 1, '2020-04-11 15:52:48.000', '2021-10-04 10:58:08.9010894+08:00', null);
INSERT INTO sys_menu (menu_id, menu_name, title, icon, path, paths, menu_type, action, permission, parent_id, no_cache, breadcrumb, component, sort, visible, is_frame, create_by, update_by, created_at, updated_at, deleted_at) VALUES (72, '', '新增岗位', 'app-group-fill', '', null, 'F', null, 'admin:sysPost:add', 70, 0, '', '', 20, '0', '1', 1, 1, '2020-04-11 15:52:48.000', '2021-10-04 10:58:08.9010894+08:00', null);
INSERT INTO sys_menu (menu_id, menu_name, title, icon, path, paths, menu_type, action, permission, parent_id, no_cache, breadcrumb, component, sort, visible, is_frame, create_by, update_by, created_at, updated_at, deleted_at) VALUES (73, '', '修改岗位', 'app-group-fill', '', null, 'F', null, 'admin:sysPost:edit', 70, 0, '', '', 30, '0', '1', 1, 1, '2020-04-11 15:52:48.000', '2021-06-17 11:48:40.703', null);
INSERT INTO sys_menu (menu_id, menu_name, title, icon, path, paths, menu_type, action, permission, parent_id, no_cache, breadcrumb, component, sort, visible, is_frame, create_by, update_by, created_at, updated_at, deleted_at) VALUES (74, '', '删除岗位', 'app-group-fill', '', null, 'F', null, 'admin:sysPost:remove', 70, 0, '', '', 40, '0', '1', 1, 1, '2020-04-11 15:52:48.000', '2021-10-04 10:58:08.9010894+08:00', null);
INSERT INTO sys_menu (menu_id, menu_name, title, icon, path, paths, menu_type, action, permission, parent_id, no_cache, breadcrumb, component, sort, visible, is_frame, create_by, update_by, created_at, updated_at, deleted_at) VALUES (80, 'SysLoginLogManage', '登录日志', 'logininfor', '/admin/log/sys-login-log', null, 'C', null, '', 9, 0, '', '/admin/sys-login-log/index', 10, '0', '1', 1, 1, '2021-05-20 22:08:44.526+00:00', '2021-10-05 21:03:48.7508938+08:00', null);
INSERT INTO sys_menu (menu_id, menu_name, title, icon, path, paths, menu_type, action, permission, parent_id, no_cache, breadcrumb, component, sort, visible, is_frame, create_by, update_by, created_at, updated_at, deleted_at) VALUES (81, '', '查询登录日志', 'app-group-fill', '', null, 'F', null, 'admin:sysLoginLog:list', 80, 0, '', '', 10, '0', '1', 1, 1, '2020-04-11 15:52:48.000', '2021-06-17 11:48:40.703', null);
INSERT INTO sys_menu (menu_id, menu_name, title, icon, path, paths, menu_type, action, permission, parent_id, no_cache, breadcrumb, component, sort, visible, is_frame, create_by, update_by, created_at, updated_at, deleted_at) VALUES (82, '', '删除登录日志', 'app-group-fill', '', null, 'F', null, 'admin:sysLoginLog:remove', 80, 0, '', '', 20, '0', '1', 1, 1, '2020-04-11 15:52:48.000', '2021-06-17 11:48:40.703', null);
INSERT INTO sys_menu (menu_id, menu_name, title, icon, path, paths, menu_type, action, permission, parent_id, no_cache, breadcrumb, component, sort, visible, is_frame, create_by, update_by, created_at, updated_at, deleted_at) VALUES (90, 'SysOperLogManage', '操作日志', 'skill', '/admin/log/sys-oper-log', null, 'C', null, '', 9, 0, '', '/admin/sys-oper-log/index', 20, '0', '1', 1, 1, '2021-05-20 22:08:44.526+00:00', '2021-10-05 21:04:01.3685072+08:00', null);
INSERT INTO sys_menu (menu_id, menu_name, title, icon, path, paths, menu_type, action, permission, parent_id, no_cache, breadcrumb, component, sort, visible, is_frame, create_by, update_by, created_at, updated_at, deleted_at) VALUES (91, '', '查询操作日志', 'app-group-fill', '', null, 'F', null, 'admin:sysOperLog:list', 90, 0, '', '', 10, '0', '1', 1, 1, '2020-04-11 15:52:48.000', '2021-06-17 11:48:40.703', null);
INSERT INTO sys_menu (menu_id, menu_name, title, icon, path, paths, menu_type, action, permission, parent_id, no_cache, breadcrumb, component, sort, visible, is_frame, create_by, update_by, created_at, updated_at, deleted_at) VALUES (92, '', '删除操作日志', 'app-group-fill', '', null, 'F', null, 'admin:sysOperLog:remove', 90, 0, '', '', 20, '0', '1', 1, 1, '2020-04-11 15:52:48.000', '2021-06-17 11:48:40.703', null);
INSERT INTO sys_menu (menu_id, menu_name, title, icon, path, paths, menu_type, action, permission, parent_id, no_cache, breadcrumb, component, sort, visible, is_frame, create_by, update_by, created_at, updated_at, deleted_at) VALUES (100, 'SysDictTypeManage', '字典管理', 'education', '/admin/dict', null, 'C', null, '', 2, 0, '', '/admin/dict/index', 90, '0', '1', 1, 1, '2021-05-20 22:08:44.526+00:00', '2021-10-05 21:05:22.7672948+08:00', null);
INSERT INTO sys_menu (menu_id, menu_name, title, icon, path, paths, menu_type, action, permission, parent_id, no_cache, breadcrumb, component, sort, visible, is_frame, create_by, update_by, created_at, updated_at, deleted_at) VALUES (101, '', '字典类型列表', 'app-group-fill', '', null, 'F', null, 'admin:sysDictType:list', 100, 0, '', '', 10, '0', '1', 1, 1, '2020-04-11 15:52:48.000', '2021-06-17 11:48:40.703', null);
INSERT INTO sys_menu (menu_id, menu_name, title, icon, path, paths, menu_type, action, permission, parent_id, no_cache, breadcrumb, component, sort, visible, is_frame, create_by, update_by, created_at, updated_at, deleted_at) VALUES (102, '', '新增字典类型', 'app-group-fill', '', null, 'F', null, 'admin:sysDictType:add', 100, 0, '', '', 20, '0', '1', 1, 1, '2020-04-11 15:52:48.000', '2021-06-17 11:48:40.703', null);
INSERT INTO sys_menu (menu_id, menu_name, title, icon, path, paths, menu_type, action, permission, parent_id, no_cache, breadcrumb, component, sort, visible, is_frame, create_by, update_by, created_at, updated_at, deleted_at) VALUES (103, '', '修改字典类型', 'app-group-fill', '', null, 'F', null, 'admin:sysDictType:edit', 100, 0, '', '', 30, '0', '1', 1, 1, '2020-04-11 15:52:48.000', '2021-06-17 11:48:40.703', null);
INSERT INTO sys_menu (menu_id, menu_name, title, icon, path, paths, menu_type, action, permission, parent_id, no_cache, breadcrumb, component, sort, visible, is_frame, create_by, update_by, created_at, updated_at, deleted_at) VALUES (104, '', '删除字典类型', 'app-group-fill', '', null, 'F', null, 'system:sysdicttype:remove', 100, 0, '', '', 40, '0', '1', 1, 1, '2020-04-11 15:52:48.000', '2021-06-17 11:48:40.703', null);
INSERT INTO sys_menu (menu_id, menu_name, title, icon, path, paths, menu_type, action, permission, parent_id, no_cache, breadcrumb, component, sort, visible, is_frame, create_by, update_by, created_at, updated_at, deleted_at) VALUES (110, 'SysDictDataManage', '字典数据', 'dict', '/admin/dict/data/:dictId', null, 'C', null, '', 2, 0, '', '/admin/dict/data', 100, '1', '1', 1, 1, '2021-05-20 22:08:44.526+00:00', '2021-10-05 20:32:55.6896162+08:00', null);
INSERT INTO sys_menu (menu_id, menu_name, title, icon, path, paths, menu_type, action, permission, parent_id, no_cache, breadcrumb, component, sort, visible, is_frame, create_by, update_by, created_at, updated_at, deleted_at) VALUES (111, '', '字典数据列表', 'app-group-fill', '', null, 'F', null, 'admin:sysDictData:list', 110, 0, '', '', 10, '0', '1', 1, 1, '2020-04-11 15:52:48.000', '2021-06-17 11:48:40.703', null);
INSERT INTO sys_menu (menu_id, menu_name, title, icon, path, paths, menu_type, action, permission, parent_id, no_cache, breadcrumb, component, sort, visible, is_frame, create_by, update_by, created_at, updated_at, deleted_at) VALUES (112, '', '新增字典数据', 'app-group-fill', '', null, 'F', null, 'admin:sysDictData:add', 110, 0, '', '', 20, '0', '1', 1, 1, '2020-04-11 15:52:48.000', '2021-06-17 11:48:40.703', null);
INSERT INTO sys_menu (menu_id, menu_name, title, icon, path, paths, menu_type, action, permission, parent_id, no_cache, breadcrumb, component, sort, visible, is_frame, create_by, update_by, created_at, updated_at, deleted_at) VALUES (113, '', '修改字典数据', 'app-group-fill', '', null, 'F', null, 'admin:sysDictData:edit', 110, 0, '', '', 30, '0', '1', 1, 1, '2020-04-11 15:52:48.000', '2021-06-17 11:48:40.703', null);
INSERT INTO sys_menu (menu_id, menu_name, title, icon, path, paths, menu_type, action, permission, parent_id, no_cache, breadcrumb, component, sort, visible, is_frame, create_by, update_by, created_at, updated_at, deleted_at) VALUES (114, '', '删除字典数据', 'app-group-fill', '', null, 'F', null, 'admin:sysDictData:remove', 110, 0, '', '', 40, '0', '1', 1, 1, '2020-04-11 15:52:48.000', '2021-06-17 11:48:40.703', null);
INSERT INTO sys_menu (menu_id, menu_name, title, icon, path, paths, menu_type, action, permission, parent_id, no_cache, breadcrumb, component, sort, visible, is_frame, create_by, update_by, created_at, updated_at, deleted_at) VALUES (504, 'CommonData', '公共数据', 'dict', '/data', '', 'M', '', '', 0, 0, '', 'Layout', 5, '0', '1', 1, 1, '2021-09-02 23:38:20+00:00', '2021-10-05 21:15:23.9361659+08:00', null);
INSERT INTO sys_menu (menu_id, menu_name, title, icon, path, paths, menu_type, action, permission, parent_id, no_cache, breadcrumb, component, sort, visible, is_frame, create_by, update_by, created_at, updated_at, deleted_at) VALUES (810, 'TbxCountry', '国家地区', 'star', '/data/tbx-country', '/0/504/810', 'C', '', '', 504, 0, '', '/kobh/tbx-country/index', 10, '0', '1', 1, 1, '0001-01-01 00:00:00+00:00', '2021-10-05 21:21:19.9442061+08:00', null);
INSERT INTO sys_menu (menu_id, menu_name, title, icon, path, paths, menu_type, action, permission, parent_id, no_cache, breadcrumb, component, sort, visible, is_frame, create_by, update_by, created_at, updated_at, deleted_at) VALUES (811, '', '国家列表', 'app-group-fill', '', '/0/504/810/811', 'F', null, 'kobh:tbxCountry:list', 810, 0, '', '', 10, '0', '1', 1, 1, '2021-05-20 22:08:44.526+00:00', '2021-10-05 17:30:10.7387644+08:00', null);
INSERT INTO sys_menu (menu_id, menu_name, title, icon, path, paths, menu_type, action, permission, parent_id, no_cache, breadcrumb, component, sort, visible, is_frame, create_by, update_by, created_at, updated_at, deleted_at) VALUES (812, '', '新增国家', 'app-group-fill', '', '/0/504/810/812', 'F', null, 'kobh:tbxCountry:add', 810, 0, '', '', 20, '0', '1', 1, 1, '2021-05-20 22:08:44.526+00:00', '2021-10-05 17:30:10.7387644+08:00', null);
INSERT INTO sys_menu (menu_id, menu_name, title, icon, path, paths, menu_type, action, permission, parent_id, no_cache, breadcrumb, component, sort, visible, is_frame, create_by, update_by, created_at, updated_at, deleted_at) VALUES (813, '', '修改国家', 'app-group-fill', '', '/0/504/810/813', 'F', null, 'kobh:tbxCountry:edit', 810, 0, '', '', 30, '0', '1', 1, 1, '2021-05-20 22:08:44.526+00:00', '2021-10-05 17:30:10.7387644+08:00', null);
INSERT INTO sys_menu (menu_id, menu_name, title, icon, path, paths, menu_type, action, permission, parent_id, no_cache, breadcrumb, component, sort, visible, is_frame, create_by, update_by, created_at, updated_at, deleted_at) VALUES (814, '', '删除国家', 'app-group-fill', '', '/0/504/810/814', 'F', null, 'kobh:tbxCountry:remove', 810, 0, '', '', 40, '0', '1', 1, 1, '2021-05-20 22:08:44.526+00:00', '2021-10-04 12:18:01.5085354+08:00', null);


INSERT INTO sys_menu_api_rule (sys_menu_menu_id, sys_api_id) VALUES (91, 6);
INSERT INTO sys_menu_api_rule (sys_menu_menu_id, sys_api_id) VALUES (101, 21);
INSERT INTO sys_menu_api_rule (sys_menu_menu_id, sys_api_id) VALUES (103, 23);
INSERT INTO sys_menu_api_rule (sys_menu_menu_id, sys_api_id) VALUES (111, 24);
INSERT INTO sys_menu_api_rule (sys_menu_menu_id, sys_api_id) VALUES (113, 25);
INSERT INTO sys_menu_api_rule (sys_menu_menu_id, sys_api_id) VALUES (61, 35);
INSERT INTO sys_menu_api_rule (sys_menu_menu_id, sys_api_id) VALUES (63, 34);
INSERT INTO sys_menu_api_rule (sys_menu_menu_id, sys_api_id) VALUES (31, 39);
INSERT INTO sys_menu_api_rule (sys_menu_menu_id, sys_api_id) VALUES (33, 41);
INSERT INTO sys_menu_api_rule (sys_menu_menu_id, sys_api_id) VALUES (41, 46);
INSERT INTO sys_menu_api_rule (sys_menu_menu_id, sys_api_id) VALUES (43, 45);
INSERT INTO sys_menu_api_rule (sys_menu_menu_id, sys_api_id) VALUES (51, 55);
INSERT INTO sys_menu_api_rule (sys_menu_menu_id, sys_api_id) VALUES (53, 54);
INSERT INTO sys_menu_api_rule (sys_menu_menu_id, sys_api_id) VALUES (71, 61);
INSERT INTO sys_menu_api_rule (sys_menu_menu_id, sys_api_id) VALUES (73, 60);
INSERT INTO sys_menu_api_rule (sys_menu_menu_id, sys_api_id) VALUES (112, 27);
INSERT INTO sys_menu_api_rule (sys_menu_menu_id, sys_api_id) VALUES (102, 22);
INSERT INTO sys_menu_api_rule (sys_menu_menu_id, sys_api_id) VALUES (62, 36);
INSERT INTO sys_menu_api_rule (sys_menu_menu_id, sys_api_id) VALUES (52, 56);
INSERT INTO sys_menu_api_rule (sys_menu_menu_id, sys_api_id) VALUES (32, 40);
INSERT INTO sys_menu_api_rule (sys_menu_menu_id, sys_api_id) VALUES (72, 62);
INSERT INTO sys_menu_api_rule (sys_menu_menu_id, sys_api_id) VALUES (42, 47);
INSERT INTO sys_menu_api_rule (sys_menu_menu_id, sys_api_id) VALUES (17, 72);
INSERT INTO sys_menu_api_rule (sys_menu_menu_id, sys_api_id) VALUES (113, 28);
INSERT INTO sys_menu_api_rule (sys_menu_menu_id, sys_api_id) VALUES (103, 20);
INSERT INTO sys_menu_api_rule (sys_menu_menu_id, sys_api_id) VALUES (63, 37);
INSERT INTO sys_menu_api_rule (sys_menu_menu_id, sys_api_id) VALUES (43, 48);
INSERT INTO sys_menu_api_rule (sys_menu_menu_id, sys_api_id) VALUES (44, 44);
INSERT INTO sys_menu_api_rule (sys_menu_menu_id, sys_api_id) VALUES (53, 57);
INSERT INTO sys_menu_api_rule (sys_menu_menu_id, sys_api_id) VALUES (33, 42);
INSERT INTO sys_menu_api_rule (sys_menu_menu_id, sys_api_id) VALUES (73, 63);
INSERT INTO sys_menu_api_rule (sys_menu_menu_id, sys_api_id) VALUES (82, 3);
INSERT INTO sys_menu_api_rule (sys_menu_menu_id, sys_api_id) VALUES (92, 7);
INSERT INTO sys_menu_api_rule (sys_menu_menu_id, sys_api_id) VALUES (114, 26);
INSERT INTO sys_menu_api_rule (sys_menu_menu_id, sys_api_id) VALUES (104, 19);
INSERT INTO sys_menu_api_rule (sys_menu_menu_id, sys_api_id) VALUES (64, 33);
INSERT INTO sys_menu_api_rule (sys_menu_menu_id, sys_api_id) VALUES (54, 53);
INSERT INTO sys_menu_api_rule (sys_menu_menu_id, sys_api_id) VALUES (34, 38);
INSERT INTO sys_menu_api_rule (sys_menu_menu_id, sys_api_id) VALUES (74, 59);
INSERT INTO sys_menu_api_rule (sys_menu_menu_id, sys_api_id) VALUES (17, 70);
INSERT INTO sys_menu_api_rule (sys_menu_menu_id, sys_api_id) VALUES (81, 2);
INSERT INTO sys_menu_api_rule (sys_menu_menu_id, sys_api_id) VALUES (11, 141);
INSERT INTO sys_menu_api_rule (sys_menu_menu_id, sys_api_id) VALUES (13, 142);
INSERT INTO sys_menu_api_rule (sys_menu_menu_id, sys_api_id) VALUES (12, 150);
INSERT INTO sys_menu_api_rule (sys_menu_menu_id, sys_api_id) VALUES (13, 151);
INSERT INTO sys_menu_api_rule (sys_menu_menu_id, sys_api_id) VALUES (14, 156);
INSERT INTO sys_menu_api_rule (sys_menu_menu_id, sys_api_id) VALUES (16, 71);
INSERT INTO sys_menu_api_rule (sys_menu_menu_id, sys_api_id) VALUES (814, 216);
INSERT INTO sys_menu_api_rule (sys_menu_menu_id, sys_api_id) VALUES (811, 218);
INSERT INTO sys_menu_api_rule (sys_menu_menu_id, sys_api_id) VALUES (813, 220);
INSERT INTO sys_menu_api_rule (sys_menu_menu_id, sys_api_id) VALUES (812, 219);
INSERT INTO sys_menu_api_rule (sys_menu_menu_id, sys_api_id) VALUES (813, 217);
INSERT INTO sys_menu_api_rule (sys_menu_menu_id, sys_api_id) VALUES (43, 49);
INSERT INTO sys_menu_api_rule (sys_menu_menu_id, sys_api_id) VALUES (43, 50);
INSERT INTO sys_menu_api_rule (sys_menu_menu_id, sys_api_id) VALUES (13, 154);
INSERT INTO sys_menu_api_rule (sys_menu_menu_id, sys_api_id) VALUES (13, 155);
INSERT INTO sys_menu_api_rule (sys_menu_menu_id, sys_api_id) VALUES (19, 51);
INSERT INTO sys_menu_api_rule (sys_menu_menu_id, sys_api_id) VALUES (19, 52);


INSERT INTO sys_post (post_id, post_name, post_code, sort, status, remark, create_by, update_by, created_at, updated_at, deleted_at) VALUES (1, '用户', 'User', 0, 2, '用户', 1, 1, '2021-05-13 19:56:37.913', '2021-05-13 19:56:37.913', null);
INSERT INTO sys_post (post_id, post_name, post_code, sort, status, remark, create_by, update_by, created_at, updated_at, deleted_at) VALUES (2, '客户', 'Customer', 2, 2, '客户', 1, 1, '2021-05-13 19:56:37.913', '2021-05-13 19:56:37.913', null);

INSERT INTO sys_role (role_id, role_name, status, role_key, role_sort, flag, remark, admin, data_scope, create_by, update_by, created_at, updated_at, deleted_at) VALUES (1, '系统管理员', '2', 'admin', 1, null, null, 1, null, 1, 1, null, null, null);
INSERT INTO sys_role (role_id, role_name, status, role_key, role_sort, flag, remark, admin, data_scope, create_by, update_by, created_at, updated_at, deleted_at) VALUES (3, '财务部', '2', 'finance', 2, null, null, 0, null, 1, 1, null, null, null);
INSERT INTO sys_role (role_id, role_name, status, role_key, role_sort, flag, remark, admin, data_scope, create_by, update_by, created_at, updated_at, deleted_at) VALUES (4, '操作组', '2', 'operation', 3, null, null, 0, null, 1, 1, null, null, null);
INSERT INTO sys_role (role_id, role_name, status, role_key, role_sort, flag, remark, admin, data_scope, create_by, update_by, created_at, updated_at, deleted_at) VALUES (5, '仓储', '2', 'warehouse', 4, null, null, 0, null, 1, 1, null, null, null);
INSERT INTO sys_role (role_id, role_name, status, role_key, role_sort, flag, remark, admin, data_scope, create_by, update_by, created_at, updated_at, deleted_at) VALUES (6, '业务专员', '2', 'sales', 5, null, null, 0, null, 1, 1, null, null, null);
INSERT INTO sys_role (role_id, role_name, status, role_key, role_sort, flag, remark, admin, data_scope, create_by, update_by, created_at, updated_at, deleted_at) VALUES (7, '操作维护', '2', 'maintainance', 6, null, null, 0, null, 1, 1, null, null, null);
INSERT INTO sys_role (role_id, role_name, status, role_key, role_sort, flag, remark, admin, data_scope, create_by, update_by, created_at, updated_at, deleted_at) VALUES (9, '开发维护', '2', 'development', 7, null, null, 0, null, 1, 1, null, null, null);
INSERT INTO sys_role (role_id, role_name, status, role_key, role_sort, flag, remark, admin, data_scope, create_by, update_by, created_at, updated_at, deleted_at) VALUES (10, '客户', '2', 'customer', 8, null, null, 0, null, 1, 1, null, null, null);

INSERT INTO sys_user (user_id, username, password, nick_name, phone, role_id, salt, avatar, sex, email, dept_id, post_id, remark, status, create_by, update_by, created_at, updated_at, deleted_at) VALUES (1, 'admin', '$2a$10$/Glr4g9Svr6O0kvjsRJCXu3f0W8/dsP3XZyVNi1019ratWpSPMyw.', 'xjw', '13888888888', 1, '', '', '1', '1@qq.com', 1, 1, '', '2', 1, 1, '2021-05-13 19:56:37.914', '2021-05-13 19:56:40.205', null);
INSERT INTO sys_user (user_id, username, password, nick_name, phone, role_id, salt, avatar, sex, email, dept_id, post_id, remark, status, create_by, update_by, created_at, updated_at, deleted_at) VALUES (4, 'xx', '$2a$10$/Glr4g9Svr6O0kvjsRJCXu3f0W8/dsP3XZyVNi1019ratWpSPMyw.', '', '13000000000', 10, '', '', '', '11@22.com', 0, 2, '1111', '2', 1, 1, '2021-10-02 10:46:27.7023436+08:00', '2021-10-02 11:10:37.4446975+08:00', null);

INSERT INTO tbx_country (code, code2, name_cn, name_en, alias, create_by, update_by, created_at, updated_at, deleted_at) VALUES ('AD', null, '安道尔', 'ANDORRA', '安道尔共和国', null, null, null, null, null);
INSERT INTO tbx_country (code, code2, name_cn, name_en, alias, create_by, update_by, created_at, updated_at, deleted_at) VALUES ('AE', null, '阿拉伯联合酋长国', 'UNITED ARAB EMIRATES', '阿联酋,阿联酋其它城市,UAE', null, null, null, null, null);
INSERT INTO tbx_country (code, code2, name_cn, name_en, alias, create_by, update_by, created_at, updated_at, deleted_at) VALUES ('AF', null, '阿富汉', 'AFGHANISTAN', '阿富汗', null, null, null, null, null);
INSERT INTO tbx_country (code, code2, name_cn, name_en, alias, create_by, update_by, created_at, updated_at, deleted_at) VALUES ('AG', null, '安提瓜巴不达', 'Antigua and Barbuda', 'Antigua & Barbuda,Antigua,安提瓜及巴布达,安提瓜岛,安提瓜,安提瓜和巴布达,安提瓜岛和巴布达', null, null, null, null, null);
INSERT INTO tbx_country (code, code2, name_cn, name_en, alias, create_by, update_by, created_at, updated_at, deleted_at) VALUES ('AI', null, '安圭拉', 'ANGUILLA', '安奎拉岛,安圭拉岛', null, null, null, null, null);
INSERT INTO tbx_country (code, code2, name_cn, name_en, alias, create_by, update_by, created_at, updated_at, deleted_at) VALUES ('AL', null, '阿尔巴尼亚', 'ALBANIA', null, null, null, null, null, null);
INSERT INTO tbx_country (code, code2, name_cn, name_en, alias, create_by, update_by, created_at, updated_at, deleted_at) VALUES ('AM', null, '亚美尼亚(独联体)', 'ARMENIA(C.I.S.)', '亚美利亚,ARMENIA,亚美尼亚', null, null, null, null, null);
INSERT INTO tbx_country (code, code2, name_cn, name_en, alias, create_by, update_by, created_at, updated_at, deleted_at) VALUES ('AN', null, '圣巴夫林米', 'St Barthelemy(Guadeloupe)', '圣巴特尔米,圣巴夫林米(瓜德罗普岛),圣巴特勒米島（瓜德罗普岛）', null, null, null, null, null);
INSERT INTO tbx_country (code, code2, name_cn, name_en, alias, create_by, update_by, created_at, updated_at, deleted_at) VALUES ('AN1', null, '荷属安的列斯群岛', 'THE ANTILLES ISLANDS', '安的列斯群岛', null, null, null, null, null);
INSERT INTO tbx_country (code, code2, name_cn, name_en, alias, create_by, update_by, created_at, updated_at, deleted_at) VALUES ('AO', null, '安哥拉', 'ANGOLA', null, null, null, null, null, null);
INSERT INTO tbx_country (code, code2, name_cn, name_en, alias, create_by, update_by, created_at, updated_at, deleted_at) VALUES ('AR', null, '阿根廷', 'ARGENTINA', '阿根廷（限文件）,阿根延', null, null, null, null, null);
INSERT INTO tbx_country (code, code2, name_cn, name_en, alias, create_by, update_by, created_at, updated_at, deleted_at) VALUES ('AS', null, '美属萨摩亚群岛', 'AMERICAN SAMOA', '美国萨摩亚群岛,美属萨摩亚', null, null, null, null, null);
INSERT INTO tbx_country (code, code2, name_cn, name_en, alias, create_by, update_by, created_at, updated_at, deleted_at) VALUES ('AT', null, '奥地利', 'AUSTRIA', '(欧洲)奥地利', null, null, null, null, null);
INSERT INTO tbx_country (code, code2, name_cn, name_en, alias, create_by, update_by, created_at, updated_at, deleted_at) VALUES ('AU', null, '澳大利亚', 'AUSTRALIA', '澳大利亚*,澳洲,澳大利亞', null, null, null, null, null);
INSERT INTO tbx_country (code, code2, name_cn, name_en, alias, create_by, update_by, created_at, updated_at, deleted_at) VALUES ('AW', null, '阿鲁巴岛', 'ARUBA', '亚鲁巴,阿鲁巴', null, null, null, null, null);
INSERT INTO tbx_country (code, code2, name_cn, name_en, alias, create_by, update_by, created_at, updated_at, deleted_at) VALUES ('AZ', null, '阿塞拜疆', 'AZERBAIJAN', '阿塞拜疆,阿塞拜疆(独联体)', null, null, null, null, null);
INSERT INTO tbx_country (code, code2, name_cn, name_en, alias, create_by, update_by, created_at, updated_at, deleted_at) VALUES ('BA', null, '波黑共合国', 'BOSNIA   HERZEGOVIA', '黑塞格维那,波斯尼亚和黑塞哥维那,波黑,波斯尼亚-黑塞哥维那共和国,波斯尼亚及黑哥維亚,波斯尼亚黑塞哥维那,波斯尼亚-黑塞哥维亚 ,波斯尼亚和黑塞哥维亚,波斯尼亚-黑塞哥维那,BOSNIA AND HERZEGOVINA', null, null, null, null, null);
INSERT INTO tbx_country (code, code2, name_cn, name_en, alias, create_by, update_by, created_at, updated_at, deleted_at) VALUES ('BB', null, '巴巴多斯', 'BARBADOS', '巴贝多', null, null, null, null, null);
INSERT INTO tbx_country (code, code2, name_cn, name_en, alias, create_by, update_by, created_at, updated_at, deleted_at) VALUES ('BD', null, '孟加拉国', 'BANGLADESH', '孟加拉,孟加拉国国', null, null, null, null, null);
INSERT INTO tbx_country (code, code2, name_cn, name_en, alias, create_by, update_by, created_at, updated_at, deleted_at) VALUES ('BE', null, '比利时', 'BELGIUM', null, null, null, null, null, null);
INSERT INTO tbx_country (code, code2, name_cn, name_en, alias, create_by, update_by, created_at, updated_at, deleted_at) VALUES ('BF', null, '布基纳法索', 'BURKINA FASO', '布基拉法索,布基那法索,布吉纳法索', null, null, null, null, null);
INSERT INTO tbx_country (code, code2, name_cn, name_en, alias, create_by, update_by, created_at, updated_at, deleted_at) VALUES ('BG', null, '保加利亚', 'BULGARIA', null, null, null, null, null, null);
INSERT INTO tbx_country (code, code2, name_cn, name_en, alias, create_by, update_by, created_at, updated_at, deleted_at) VALUES ('BH', null, '巴林', 'BAHRAIN', null, null, null, null, null, null);
INSERT INTO tbx_country (code, code2, name_cn, name_en, alias, create_by, update_by, created_at, updated_at, deleted_at) VALUES ('BI', null, '布隆迪', 'BURUNDI', null, null, null, null, null, null);
INSERT INTO tbx_country (code, code2, name_cn, name_en, alias, create_by, update_by, created_at, updated_at, deleted_at) VALUES ('BJ', null, '贝宁', 'BENIN', null, null, null, null, null, null);
INSERT INTO tbx_country (code, code2, name_cn, name_en, alias, create_by, update_by, created_at, updated_at, deleted_at) VALUES ('BM', null, '百慕大群岛', 'BERMUDA', '百慕达,百慕大(英),百慕达群岛,百慕大,百慕大群岛', null, null, null, null, null);
INSERT INTO tbx_country (code, code2, name_cn, name_en, alias, create_by, update_by, created_at, updated_at, deleted_at) VALUES ('BN', null, '文莱', 'BRUNEI', '文莱达路撒林,汶莱,文莱达鲁萨兰国', null, null, null, null, null);
INSERT INTO tbx_country (code, code2, name_cn, name_en, alias, create_by, update_by, created_at, updated_at, deleted_at) VALUES ('BO', null, '波利维亚', 'BOLIVIA', '玻利维亚,多民族玻利维亚国', null, null, null, null, null);
INSERT INTO tbx_country (code, code2, name_cn, name_en, alias, create_by, update_by, created_at, updated_at, deleted_at) VALUES ('BR', null, '巴西', 'BRAZIL', null, null, null, null, null, null);
INSERT INTO tbx_country (code, code2, name_cn, name_en, alias, create_by, update_by, created_at, updated_at, deleted_at) VALUES ('BS', null, '巴哈马', 'BAHAMAS', '巴哈马群岛', null, null, null, null, null);
INSERT INTO tbx_country (code, code2, name_cn, name_en, alias, create_by, update_by, created_at, updated_at, deleted_at) VALUES ('BT', null, '不丹', 'BHUTAN', null, null, null, null, null, null);
INSERT INTO tbx_country (code, code2, name_cn, name_en, alias, create_by, update_by, created_at, updated_at, deleted_at) VALUES ('BW', null, '博茨瓦纳', 'BOTSWANA', '博茨瓦纳 (波扎那),博茨瓦那', null, null, null, null, null);
INSERT INTO tbx_country (code, code2, name_cn, name_en, alias, create_by, update_by, created_at, updated_at, deleted_at) VALUES ('BY', null, '白俄罗斯(独联体)', 'BELARUS', 'Belarus / Byelorussia,白俄罗斯', null, null, null, null, null);
INSERT INTO tbx_country (code, code2, name_cn, name_en, alias, create_by, update_by, created_at, updated_at, deleted_at) VALUES ('BZ', null, '伯利兹', 'BELIZE', '伯利兹城,贝里斯,伯里兹', null, null, null, null, null);
INSERT INTO tbx_country (code, code2, name_cn, name_en, alias, create_by, update_by, created_at, updated_at, deleted_at) VALUES ('C3', null, '坎皮奥内/卢加诺湖', 'C3	CAMPIONE/LAKE LUGANO(ITALY)', '坎皮奥内 /卢加诺湖（意大利）,坎皮奥内/卢加诺湖（意大利）,坎皮奥内,Campione/Lake lugano(italy)', null, null, null, null, null);
INSERT INTO tbx_country (code, code2, name_cn, name_en, alias, create_by, update_by, created_at, updated_at, deleted_at) VALUES ('CA', null, '加拿大', 'CANADA', 'CA,加,加拿大*', null, null, null, null, null);
INSERT INTO tbx_country (code, code2, name_cn, name_en, alias, create_by, update_by, created_at, updated_at, deleted_at) VALUES ('CD', null, '刚果民主共和国', 'CONGO,THE DEMOCRATIC REPUBLIC OF CD', 'CongoDemocRatic Republic,刚果人民共和国,刚果民主共和国的,CONGO REPUBLIC,刚果民主共和国金,刚果金,Congo DemocRatic Republic', null, null, null, null, null);
INSERT INTO tbx_country (code, code2, name_cn, name_en, alias, create_by, update_by, created_at, updated_at, deleted_at) VALUES ('CF', null, '中非共和国', 'CENTRAL AFRICAN REP', '中非,CENTRAL REPUBLIC,Central African Republic', null, null, null, null, null);
INSERT INTO tbx_country (code, code2, name_cn, name_en, alias, create_by, update_by, created_at, updated_at, deleted_at) VALUES ('CG', null, '刚果', 'CONGO', '刚果（布）,刚果共和国布,刚果(金),刚果共和国,刚果（金）,刚果布,Congo(Brazzaville)', null, null, null, null, null);
INSERT INTO tbx_country (code, code2, name_cn, name_en, alias, create_by, update_by, created_at, updated_at, deleted_at) VALUES ('CH', null, '瑞士', 'SWITZERLAND', null, null, null, null, null, null);
INSERT INTO tbx_country (code, code2, name_cn, name_en, alias, create_by, update_by, created_at, updated_at, deleted_at) VALUES ('CI', null, '科特迪瓦', 'cote d ivoire', '科特迪瓦共和国,科特迪瓦（象牙海岸）,象牙海岸,科特迪瓦象牙色,科特迪瓦(象牙海岸),象牙海岸(科特迪瓦),Cote d''lvoire(lvory coast),Ivory Coast (Cote d''Ivoire),COTE D''LVOIRE(IVORY)', null, null, null, null, null);
INSERT INTO tbx_country (code, code2, name_cn, name_en, alias, create_by, update_by, created_at, updated_at, deleted_at) VALUES ('CK', null, '库克群岛', 'COOK ISLANDS', null, null, null, null, null, null);
INSERT INTO tbx_country (code, code2, name_cn, name_en, alias, create_by, update_by, created_at, updated_at, deleted_at) VALUES ('CL', null, '智利', 'CHILE', null, null, null, null, null, null);
INSERT INTO tbx_country (code, code2, name_cn, name_en, alias, create_by, update_by, created_at, updated_at, deleted_at) VALUES ('CM', null, '喀麦隆', 'CAMEROON', null, null, null, null, null, null);
INSERT INTO tbx_country (code, code2, name_cn, name_en, alias, create_by, update_by, created_at, updated_at, deleted_at) VALUES ('CN', null, '中华人民共和国', 'CHINA', null, null, null, null, null, null);
INSERT INTO tbx_country (code, code2, name_cn, name_en, alias, create_by, update_by, created_at, updated_at, deleted_at) VALUES ('CO', null, '哥伦比亚', 'COLOMBIA', null, null, null, null, null, null);
INSERT INTO tbx_country (code, code2, name_cn, name_en, alias, create_by, update_by, created_at, updated_at, deleted_at) VALUES ('CR', null, '哥斯达黎加', 'COSTA RICA', null, null, null, null, null, null);
INSERT INTO tbx_country (code, code2, name_cn, name_en, alias, create_by, update_by, created_at, updated_at, deleted_at) VALUES ('CU', null, '古巴', 'CUBA', null, null, null, null, null, null);
INSERT INTO tbx_country (code, code2, name_cn, name_en, alias, create_by, update_by, created_at, updated_at, deleted_at) VALUES ('CV', null, '福德角群岛', 'CAPE VERDE', '佛得角群岛,佛得角 (維德角群岛),维德角群岛,佛得角', null, null, null, null, null);
INSERT INTO tbx_country (code, code2, name_cn, name_en, alias, create_by, update_by, created_at, updated_at, deleted_at) VALUES ('CY', null, '塞浦路斯', 'CYPRUS', '塞蒲路斯', null, null, null, null, null);
INSERT INTO tbx_country (code, code2, name_cn, name_en, alias, create_by, update_by, created_at, updated_at, deleted_at) VALUES ('CZ', null, '捷克共和国', 'CZECH,REPUBLIC', '捷克,CZECH REPUBLIC,捷克,Czech Rep', null, null, null, null, null);
INSERT INTO tbx_country (code, code2, name_cn, name_en, alias, create_by, update_by, created_at, updated_at, deleted_at) VALUES ('DB', null, '迪拜', 'Dubai', null, null, null, null, null, null);
INSERT INTO tbx_country (code, code2, name_cn, name_en, alias, create_by, update_by, created_at, updated_at, deleted_at) VALUES ('DE', null, '德国', 'GERMANY', null, null, null, null, null, null);
INSERT INTO tbx_country (code, code2, name_cn, name_en, alias, create_by, update_by, created_at, updated_at, deleted_at) VALUES ('DE1', null, '布辛根（德国）', 'Buesingen(Germany)', null, null, null, null, null, null);
INSERT INTO tbx_country (code, code2, name_cn, name_en, alias, create_by, update_by, created_at, updated_at, deleted_at) VALUES ('DE2', null, '黑尔格兰', 'Heigoland(Germany)', 'Heligoland(Germany),黑尔格兰（德国）,黑尔戈兰（德国）', null, null, null, null, null);
INSERT INTO tbx_country (code, code2, name_cn, name_en, alias, create_by, update_by, created_at, updated_at, deleted_at) VALUES ('DJ', null, '吉布提', 'DJIBOUTI', '吉布堤', null, null, null, null, null);
INSERT INTO tbx_country (code, code2, name_cn, name_en, alias, create_by, update_by, created_at, updated_at, deleted_at) VALUES ('DK', null, '丹麦', 'DENMARK', null, null, null, null, null, null);
INSERT INTO tbx_country (code, code2, name_cn, name_en, alias, create_by, update_by, created_at, updated_at, deleted_at) VALUES ('DM', null, '多米尼加', 'DOMINICA', '多米尼克', null, null, null, null, null);
INSERT INTO tbx_country (code, code2, name_cn, name_en, alias, create_by, update_by, created_at, updated_at, deleted_at) VALUES ('DO', null, '多米尼加共合国', 'DOMINICAN REPUBLIC', '多名尼加共和国,Dominican Rep,多米尼加共和国', null, null, null, null, null);
INSERT INTO tbx_country (code, code2, name_cn, name_en, alias, create_by, update_by, created_at, updated_at, deleted_at) VALUES ('DZ', null, '阿尔及利亚', 'ALGERIA', null, null, null, null, null, null);
INSERT INTO tbx_country (code, code2, name_cn, name_en, alias, create_by, update_by, created_at, updated_at, deleted_at) VALUES ('EC', null, '厄瓜多尔', 'ECUADOR', null, null, null, null, null, null);
INSERT INTO tbx_country (code, code2, name_cn, name_en, alias, create_by, update_by, created_at, updated_at, deleted_at) VALUES ('EE', null, '爱沙尼亚', 'ESTONIA', null, null, null, null, null, null);
INSERT INTO tbx_country (code, code2, name_cn, name_en, alias, create_by, update_by, created_at, updated_at, deleted_at) VALUES ('EG', null, '埃及', 'EGYPT', '埃及', null, null, null, null, null);
INSERT INTO tbx_country (code, code2, name_cn, name_en, alias, create_by, update_by, created_at, updated_at, deleted_at) VALUES ('ER', null, '厄里特立亚', 'ERITREA', '厄立特里亚', null, null, null, null, null);
INSERT INTO tbx_country (code, code2, name_cn, name_en, alias, create_by, update_by, created_at, updated_at, deleted_at) VALUES ('ES', null, '西班牙', 'SPAIN', '西班牙', null, null, null, null, null);
INSERT INTO tbx_country (code, code2, name_cn, name_en, alias, create_by, update_by, created_at, updated_at, deleted_at) VALUES ('ES1', null, '梅利利亚（西班牙）', 'Melilla(Spain)', null, null, null, null, null, null);
INSERT INTO tbx_country (code, code2, name_cn, name_en, alias, create_by, update_by, created_at, updated_at, deleted_at) VALUES ('ES2', null, '休达(西班牙)', 'Ceuta(Spain)', '休达', null, null, null, null, null);
INSERT INTO tbx_country (code, code2, name_cn, name_en, alias, create_by, update_by, created_at, updated_at, deleted_at) VALUES ('ES3', null, '梅利利亚', 'Malilla(Spain)', null, null, null, null, null, null);
INSERT INTO tbx_country (code, code2, name_cn, name_en, alias, create_by, update_by, created_at, updated_at, deleted_at) VALUES ('ET', null, '埃塞俄比亚', 'ETHIOPIA', null, null, null, null, null, null);
INSERT INTO tbx_country (code, code2, name_cn, name_en, alias, create_by, update_by, created_at, updated_at, deleted_at) VALUES ('FI', null, '芬兰', 'FINLAND', null, null, null, null, null, null);
INSERT INTO tbx_country (code, code2, name_cn, name_en, alias, create_by, update_by, created_at, updated_at, deleted_at) VALUES ('FJ', null, '菲济', 'FIJI', '斐济群岛,斐济', null, null, null, null, null);
INSERT INTO tbx_country (code, code2, name_cn, name_en, alias, create_by, update_by, created_at, updated_at, deleted_at) VALUES ('FK', null, '福克兰群岛', 'FALKLAND ISLAND', 'FALKLAND ISLANDS,富兰克群岛,福克兰群岛', null, null, null, null, null);
INSERT INTO tbx_country (code, code2, name_cn, name_en, alias, create_by, update_by, created_at, updated_at, deleted_at) VALUES ('FM', null, '摩斯雷', 'Kosrae(Micronesia,Federated States of', 'Kosrae(MicronesiaFederated States of),摩斯雷（密克罗尼西亚联邦）,摩斯雷（属密克来西亚岛）', null, null, null, null, null);
INSERT INTO tbx_country (code, code2, name_cn, name_en, alias, create_by, update_by, created_at, updated_at, deleted_at) VALUES ('FM1', null, '密克罗尼西亚', 'MICRONESIA', '密克罗尼西亚联邦,Micronesia Federated States of,MicronesiaFederated States of,密克罗尼西亚群岛,MICRONESIA, FEDERATED STATES OF', null, null, null, null, null);
INSERT INTO tbx_country (code, code2, name_cn, name_en, alias, create_by, update_by, created_at, updated_at, deleted_at) VALUES ('FM3', null, '波纳佩岛', 'Ponape', 'Ponape(MicronesiaFederated States of),波纳佩岛（密克罗尼西亚联邦）,波纳佩岛（属密克来西亚岛）', null, null, null, null, null);
INSERT INTO tbx_country (code, code2, name_cn, name_en, alias, create_by, update_by, created_at, updated_at, deleted_at) VALUES ('FO', null, '法罗群岛', 'FAROE ISLANDS', '非罗岛,Faeroe Is,法鲁群岛,法鲁岛', null, null, null, null, null);
INSERT INTO tbx_country (code, code2, name_cn, name_en, alias, create_by, update_by, created_at, updated_at, deleted_at) VALUES ('FP', null, '法属波利尼西亚', 'FRENCH POLYNESIA', '玻利尼西亚,Frech Polynesia,法属玻利尼西亚,波利尼西亚', null, null, null, null, null);
INSERT INTO tbx_country (code, code2, name_cn, name_en, alias, create_by, update_by, created_at, updated_at, deleted_at) VALUES ('FR', null, '法国', 'FRANCE', null, null, null, null, null, null);
INSERT INTO tbx_country (code, code2, name_cn, name_en, alias, create_by, update_by, created_at, updated_at, deleted_at) VALUES ('GA', null, '加蓬', 'GABON', '加彭', null, null, null, null, null);
INSERT INTO tbx_country (code, code2, name_cn, name_en, alias, create_by, update_by, created_at, updated_at, deleted_at) VALUES ('GB', null, '英国一区', 'UNITED KINGDOM', 'England/UK (United Kingdom),联合王国,GB', null, null, null, null, null);
INSERT INTO tbx_country (code, code2, name_cn, name_en, alias, create_by, update_by, created_at, updated_at, deleted_at) VALUES ('GB1', null, '北爱尔兰', 'Northern Ireland', 'Northern Ireland (United Kingdom)', null, null, null, null, null);
INSERT INTO tbx_country (code, code2, name_cn, name_en, alias, create_by, update_by, created_at, updated_at, deleted_at) VALUES ('GB2', null, '苏格兰', 'Scotland', 'Scotland(United Kingdom)', null, null, null, null, null);
INSERT INTO tbx_country (code, code2, name_cn, name_en, alias, create_by, update_by, created_at, updated_at, deleted_at) VALUES ('GB3', null, '威尔士', 'Wales', '威尔士(英国),威尔士（英国）,Wales(United Kingdom)', null, null, null, null, null);
INSERT INTO tbx_country (code, code2, name_cn, name_en, alias, create_by, update_by, created_at, updated_at, deleted_at) VALUES ('GD', null, '格林纳达', 'GRENADA', null, null, null, null, null, null);
INSERT INTO tbx_country (code, code2, name_cn, name_en, alias, create_by, update_by, created_at, updated_at, deleted_at) VALUES ('GE', null, '格鲁吉亚', 'GEORGIA', '乔治亚州,喬治亚', null, null, null, null, null);
INSERT INTO tbx_country (code, code2, name_cn, name_en, alias, create_by, update_by, created_at, updated_at, deleted_at) VALUES ('GF', null, '法属圭亚那', 'FRENCH GUIANA', '法国圭亚那,Frenchguiana,FRENCH GUYANA', null, null, null, null, null);
INSERT INTO tbx_country (code, code2, name_cn, name_en, alias, create_by, update_by, created_at, updated_at, deleted_at) VALUES ('GG', null, '根西岛', 'GUERNSEY', null, null, null, null, null, null);
INSERT INTO tbx_country (code, code2, name_cn, name_en, alias, create_by, update_by, created_at, updated_at, deleted_at) VALUES ('GG1', null, '英属海峡群岛', 'Jersey(Channel Islands)', null, null, null, null, null, null);
INSERT INTO tbx_country (code, code2, name_cn, name_en, alias, create_by, update_by, created_at, updated_at, deleted_at) VALUES ('GG2', null, '海峡群岛', 'Guemsey(Channel Islands)', null, null, null, null, null, null);
INSERT INTO tbx_country (code, code2, name_cn, name_en, alias, create_by, update_by, created_at, updated_at, deleted_at) VALUES ('GH', null, '加纳', 'GHANA', '加納', null, null, null, null, null);
INSERT INTO tbx_country (code, code2, name_cn, name_en, alias, create_by, update_by, created_at, updated_at, deleted_at) VALUES ('GI', null, '直布罗陀', 'GIBRALTAR', null, null, null, null, null, null);
INSERT INTO tbx_country (code, code2, name_cn, name_en, alias, create_by, update_by, created_at, updated_at, deleted_at) VALUES ('GL', null, '格陵兰', 'GREELAND', '格林兰,GREENLAND,格陵兰岛', null, null, null, null, null);
INSERT INTO tbx_country (code, code2, name_cn, name_en, alias, create_by, update_by, created_at, updated_at, deleted_at) VALUES ('GM', null, '冈比亚', 'GAMBIA', null, null, null, null, null, null);
INSERT INTO tbx_country (code, code2, name_cn, name_en, alias, create_by, update_by, created_at, updated_at, deleted_at) VALUES ('GN', null, '几内亚共和国', 'guinea republic', 'GUINEA,几内亚', null, null, null, null, null);
INSERT INTO tbx_country (code, code2, name_cn, name_en, alias, create_by, update_by, created_at, updated_at, deleted_at) VALUES ('GP', null, '瓜德罗普', 'GUADELOUPE', '厄德罗普,瓜德罗普岛', null, null, null, null, null);
INSERT INTO tbx_country (code, code2, name_cn, name_en, alias, create_by, update_by, created_at, updated_at, deleted_at) VALUES ('GQ', null, '赤道几内亚', 'EQUATORIAL GUINEA', 'GUINEA-EQUATORIAL,赤道几内亚 多哥,赤度几内亚,GUINEA-EQUATORIAL', null, null, null, null, null);
INSERT INTO tbx_country (code, code2, name_cn, name_en, alias, create_by, update_by, created_at, updated_at, deleted_at) VALUES ('GR', null, '希腊', 'GREECE', null, null, null, null, null, null);
INSERT INTO tbx_country (code, code2, name_cn, name_en, alias, create_by, update_by, created_at, updated_at, deleted_at) VALUES ('GT', null, '危地马拉', 'GUATEMALA', '危地馬拉', null, null, null, null, null);
INSERT INTO tbx_country (code, code2, name_cn, name_en, alias, create_by, update_by, created_at, updated_at, deleted_at) VALUES ('GU', null, '关岛', 'GUAM', '关岛(美)', null, null, null, null, null);
INSERT INTO tbx_country (code, code2, name_cn, name_en, alias, create_by, update_by, created_at, updated_at, deleted_at) VALUES ('GY', null, '圭亚那', 'GUYANA(BRITISH)', '英属圭亚那,圭亚那 (英屬),Guyana,GUYANA (BRITISH)', null, null, null, null, null);
INSERT INTO tbx_country (code, code2, name_cn, name_en, alias, create_by, update_by, created_at, updated_at, deleted_at) VALUES ('HK', null, '香港', 'HONG KONG', '中国香港', null, null, null, null, null);
INSERT INTO tbx_country (code, code2, name_cn, name_en, alias, create_by, update_by, created_at, updated_at, deleted_at) VALUES ('HN', null, '洪都拉斯', 'HONDURAS', null, null, null, null, null, null);
INSERT INTO tbx_country (code, code2, name_cn, name_en, alias, create_by, update_by, created_at, updated_at, deleted_at) VALUES ('HR', null, '克罗地亚', 'CROATIA', null, null, null, null, null, null);
INSERT INTO tbx_country (code, code2, name_cn, name_en, alias, create_by, update_by, created_at, updated_at, deleted_at) VALUES ('HT', null, '海地', 'HAITI', null, null, null, null, null, null);
INSERT INTO tbx_country (code, code2, name_cn, name_en, alias, create_by, update_by, created_at, updated_at, deleted_at) VALUES ('HU', null, '匈牙利', 'HUNGARY', null, null, null, null, null, null);
INSERT INTO tbx_country (code, code2, name_cn, name_en, alias, create_by, update_by, created_at, updated_at, deleted_at) VALUES ('IC', null, '加那利群岛', 'CANARY ISLANDS,THE', '西班牙加那利群岛,加那利群岛(西班牙),加那利群岛（西班牙）,CANARY ISLANDS,CANARY ISLANDS, THE,加那利群岛,Canary Islands(Spain)', null, null, null, null, null);
INSERT INTO tbx_country (code, code2, name_cn, name_en, alias, create_by, update_by, created_at, updated_at, deleted_at) VALUES ('ID', null, '印度尼西亚', 'INDONESIA', '印度尼西亚*,印尼,印度尼西亚越南', null, null, null, null, null);
INSERT INTO tbx_country (code, code2, name_cn, name_en, alias, create_by, update_by, created_at, updated_at, deleted_at) VALUES ('IE', null, '爱尔兰', 'IRELAND', 'IRELAND, REPUBLIC OF,Ireland Republic of,爱尔兰共和国', null, null, null, null, null);
INSERT INTO tbx_country (code, code2, name_cn, name_en, alias, create_by, update_by, created_at, updated_at, deleted_at) VALUES ('IL', null, '以色列', 'ISRAEL', null, null, null, null, null, null);
INSERT INTO tbx_country (code, code2, name_cn, name_en, alias, create_by, update_by, created_at, updated_at, deleted_at) VALUES ('IN', null, '印度', 'INDIA', '印度*', null, null, null, null, null);
INSERT INTO tbx_country (code, code2, name_cn, name_en, alias, create_by, update_by, created_at, updated_at, deleted_at) VALUES ('IQ', null, '伊拉克', 'IRAQ', '岛', null, null, null, null, null);
INSERT INTO tbx_country (code, code2, name_cn, name_en, alias, create_by, update_by, created_at, updated_at, deleted_at) VALUES ('IR', null, '伊朗', 'IRAN(ISLAMIC REP.)', '伊朗(伊斯兰共和国),伊朗伊斯兰共和国,IRAN (ISLAMIC REPUBLIC OF)', null, null, null, null, null);
INSERT INTO tbx_country (code, code2, name_cn, name_en, alias, create_by, update_by, created_at, updated_at, deleted_at) VALUES ('IS', null, '冰岛', 'ICELAND', null, null, null, null, null, null);
INSERT INTO tbx_country (code, code2, name_cn, name_en, alias, create_by, update_by, created_at, updated_at, deleted_at) VALUES ('IT', null, '意大利', 'ITALY', '义大利', null, null, null, null, null);
INSERT INTO tbx_country (code, code2, name_cn, name_en, alias, create_by, update_by, created_at, updated_at, deleted_at) VALUES ('JE', null, '泽西岛', 'JERSEY', '格恩西岛,泽西岛(英属)', null, null, null, null, null);
INSERT INTO tbx_country (code, code2, name_cn, name_en, alias, create_by, update_by, created_at, updated_at, deleted_at) VALUES ('JM', null, '牙买加', 'JAMAICA(SAVANNA)', 'JAMAICA', null, null, null, null, null);
INSERT INTO tbx_country (code, code2, name_cn, name_en, alias, create_by, update_by, created_at, updated_at, deleted_at) VALUES ('JO', null, '约旦', 'JORDAN', '約旦', null, null, null, null, null);
INSERT INTO tbx_country (code, code2, name_cn, name_en, alias, create_by, update_by, created_at, updated_at, deleted_at) VALUES ('JP', null, '日本', 'JAPAN', '日本*', null, null, null, null, null);
INSERT INTO tbx_country (code, code2, name_cn, name_en, alias, create_by, update_by, created_at, updated_at, deleted_at) VALUES ('KE', null, '肯尼亚', 'KENYA', '肯尼亚 (肯雅)', null, null, null, null, null);
INSERT INTO tbx_country (code, code2, name_cn, name_en, alias, create_by, update_by, created_at, updated_at, deleted_at) VALUES ('KG', null, '吉尔吉斯斯坦', 'KYRGYZSTAN', '肯尼西亚(前吉尔吉斯斯坦),吉尔吉斯斯担,吉尔吉斯,Kirghizia(Kyrgyzstan)', null, null, null, null, null);
INSERT INTO tbx_country (code, code2, name_cn, name_en, alias, create_by, update_by, created_at, updated_at, deleted_at) VALUES ('KH', null, '柬埔寨', 'CAMBODIA', '柬埔塞', null, null, null, null, null);
INSERT INTO tbx_country (code, code2, name_cn, name_en, alias, create_by, update_by, created_at, updated_at, deleted_at) VALUES ('KI', null, '基利巴提共和国', 'KIRIBATI REPUBILC', '基利巴斯共和国,基里巴斯,Kiribati,吉里巴斯', null, null, null, null, null);
INSERT INTO tbx_country (code, code2, name_cn, name_en, alias, create_by, update_by, created_at, updated_at, deleted_at) VALUES ('KM', null, '科摩罗', 'COMOROS', '科摩罗群岛', null, null, null, null, null);
INSERT INTO tbx_country (code, code2, name_cn, name_en, alias, create_by, update_by, created_at, updated_at, deleted_at) VALUES ('KN', null, '圣克里斯托弗(圣基茨)', 'St. Christopher(St.Kitts)', '聖克里斯多佛群岛,St Christopher (St. Kitts)),ST. KITTS,SAINT KITTS,圣基茨,圣启斯', null, null, null, null, null);
INSERT INTO tbx_country (code, code2, name_cn, name_en, alias, create_by, update_by, created_at, updated_at, deleted_at) VALUES ('KN1', null, '圣克里斯岛及尼维斯岛', 'St Kitts & Nevis', '圣基茨和尼维斯 (圣啟斯),聖克里斯岛及尼维斯岛,圣基茨和尼维斯,圣克里斯托佛岛及尼维斯岛', null, null, null, null, null);
INSERT INTO tbx_country (code, code2, name_cn, name_en, alias, create_by, update_by, created_at, updated_at, deleted_at) VALUES ('KP', null, '朝鲜', 'korea, the d.p.r of (north k.)', 'NORTH KOREA', null, null, null, null, null);
INSERT INTO tbx_country (code, code2, name_cn, name_en, alias, create_by, update_by, created_at, updated_at, deleted_at) VALUES ('KR', null, '韩国', 'SOUTH KOREA', 'KOREA,聚合度R(北k),南韩,Korea South', null, null, null, null, null);
INSERT INTO tbx_country (code, code2, name_cn, name_en, alias, create_by, update_by, created_at, updated_at, deleted_at) VALUES ('KW', null, '科威特', 'KUWAIT', null, null, null, null, null, null);
INSERT INTO tbx_country (code, code2, name_cn, name_en, alias, create_by, update_by, created_at, updated_at, deleted_at) VALUES ('KZ', null, '哈萨克斯坦', 'KAZAKHSTAN', '哈萨克', null, null, null, null, null);
INSERT INTO tbx_country (code, code2, name_cn, name_en, alias, create_by, update_by, created_at, updated_at, deleted_at) VALUES ('L1', null, '利维尼奥', 'Livigno(Italy)', '利维尼奥（意大利）', null, null, null, null, null);
INSERT INTO tbx_country (code, code2, name_cn, name_en, alias, create_by, update_by, created_at, updated_at, deleted_at) VALUES ('LA', null, '老挝', 'LAOS', 'LAO PEOPLES DEMOCRATIC REPUBLIC,老挝人民民主共和国莱索托,老挝民主主义人民共和国,老挝人民民主共和国', null, null, null, null, null);
INSERT INTO tbx_country (code, code2, name_cn, name_en, alias, create_by, update_by, created_at, updated_at, deleted_at) VALUES ('LB', null, '黎巴嫩', 'LEBANON', '黎巴嫩（限文件）,黎巴嫩市,黎巴嫰', null, null, null, null, null);
INSERT INTO tbx_country (code, code2, name_cn, name_en, alias, create_by, update_by, created_at, updated_at, deleted_at) VALUES ('LC', null, '圣路西亚', 'ST.LUCIA', 'ST. LUCIA,St Lucia,圣路西亚,圣卢西亚岛,聖卢西亚群岛,圣卢西亚', null, null, null, null, null);
INSERT INTO tbx_country (code, code2, name_cn, name_en, alias, create_by, update_by, created_at, updated_at, deleted_at) VALUES ('LI', null, '列支敦士登', 'LIECHTENSTEIN', '列支敦斯登,列支敦士登(瑞士)', null, null, null, null, null);
INSERT INTO tbx_country (code, code2, name_cn, name_en, alias, create_by, update_by, created_at, updated_at, deleted_at) VALUES ('LK', null, '斯里兰卡', 'SRI LANKA', '斯里兰卡.', null, null, null, null, null);
INSERT INTO tbx_country (code, code2, name_cn, name_en, alias, create_by, update_by, created_at, updated_at, deleted_at) VALUES ('LR', null, '利比里亚', 'LIBERIA', '利比利亚', null, null, null, null, null);
INSERT INTO tbx_country (code, code2, name_cn, name_en, alias, create_by, update_by, created_at, updated_at, deleted_at) VALUES ('LS', null, '莱索托', 'LESOTHO', '赖索托', null, null, null, null, null);
INSERT INTO tbx_country (code, code2, name_cn, name_en, alias, create_by, update_by, created_at, updated_at, deleted_at) VALUES ('LT', null, '立陶宛', 'LITHUANIA', null, null, null, null, null, null);
INSERT INTO tbx_country (code, code2, name_cn, name_en, alias, create_by, update_by, created_at, updated_at, deleted_at) VALUES ('LU', null, '卢森堡', 'LUXEMBOURG', '卢森保', null, null, null, null, null);
INSERT INTO tbx_country (code, code2, name_cn, name_en, alias, create_by, update_by, created_at, updated_at, deleted_at) VALUES ('LV', null, '拉脱维亚', 'LATVIA', '拉托维亚', null, null, null, null, null);
INSERT INTO tbx_country (code, code2, name_cn, name_en, alias, create_by, update_by, created_at, updated_at, deleted_at) VALUES ('LY', null, '利比亚', 'LIBYA', 'Libyan Arab Jamahiriya,利比亚阿拉伯', null, null, null, null, null);
INSERT INTO tbx_country (code, code2, name_cn, name_en, alias, create_by, update_by, created_at, updated_at, deleted_at) VALUES ('M2', null, '阿托西山(希腊)', 'Mount Athos（Greece）', '阿陀斯山（希腊）', null, null, null, null, null);
INSERT INTO tbx_country (code, code2, name_cn, name_en, alias, create_by, update_by, created_at, updated_at, deleted_at) VALUES ('MA', null, '摩洛哥', 'MOROCCO', null, null, null, null, null, null);
INSERT INTO tbx_country (code, code2, name_cn, name_en, alias, create_by, update_by, created_at, updated_at, deleted_at) VALUES ('MC', null, '摩纳哥', 'MONACO', '摩纳哥（法国）,Monaco(France),摩那哥', null, null, null, null, null);
INSERT INTO tbx_country (code, code2, name_cn, name_en, alias, create_by, update_by, created_at, updated_at, deleted_at) VALUES ('MD', null, '摩尔多瓦', 'MOLDOVA', 'MOLDOVA, REPUBLIC OF,摩尔多瓦共和国', null, null, null, null, null);
INSERT INTO tbx_country (code, code2, name_cn, name_en, alias, create_by, update_by, created_at, updated_at, deleted_at) VALUES ('ME', null, '黑山', 'montenegro', '黑山,塞尔维亚和黑山,黑山共和国,MONTENEGRO', null, null, null, null, null);
INSERT INTO tbx_country (code, code2, name_cn, name_en, alias, create_by, update_by, created_at, updated_at, deleted_at) VALUES ('MG', null, '马达加斯加', 'MADAGASCAR', '哥达加斯加', null, null, null, null, null);
INSERT INTO tbx_country (code, code2, name_cn, name_en, alias, create_by, update_by, created_at, updated_at, deleted_at) VALUES ('MH', null, '马绍尔群岛', 'MARSHALL ISLANDS', '马歇尔群岛', null, null, null, null, null);
INSERT INTO tbx_country (code, code2, name_cn, name_en, alias, create_by, update_by, created_at, updated_at, deleted_at) VALUES ('MK', null, '马其顿', 'macedonia, republic of', '前南斯拉夫共和国,马其顿共和国,MACEDONIA,前南斯拉夫马其顿（前南马其顿）共和国,南斯拉夫', null, null, null, null, null);
INSERT INTO tbx_country (code, code2, name_cn, name_en, alias, create_by, update_by, created_at, updated_at, deleted_at) VALUES ('ML', null, '马里', 'MALI', '英联邦没有。马里亚纳群岛', null, null, null, null, null);
INSERT INTO tbx_country (code, code2, name_cn, name_en, alias, create_by, update_by, created_at, updated_at, deleted_at) VALUES ('MM', null, '缅甸', 'MYANMAR', null, null, null, null, null, null);
INSERT INTO tbx_country (code, code2, name_cn, name_en, alias, create_by, update_by, created_at, updated_at, deleted_at) VALUES ('MN', null, '蒙古', 'MONGOLIA', null, null, null, null, null, null);
INSERT INTO tbx_country (code, code2, name_cn, name_en, alias, create_by, update_by, created_at, updated_at, deleted_at) VALUES ('MO', null, '澳门', 'MACAU', '国家', null, null, null, null, null);
INSERT INTO tbx_country (code, code2, name_cn, name_en, alias, create_by, update_by, created_at, updated_at, deleted_at) VALUES ('MP', null, '塞班', 'SAIPAN', '塞班岛(马里亚纳群岛),塞班岛(马里亚纳岛),塞班岛(北马里亚纳),塞班岛,Saipan (Northern Mariana Islands)', null, null, null, null, null);
INSERT INTO tbx_country (code, code2, name_cn, name_en, alias, create_by, update_by, created_at, updated_at, deleted_at) VALUES ('MP1', null, '北马里亚纳群岛', 'Northern Mariana Islands', 'COMMONWEALTH NO. MARIANA ISLANDS', null, null, null, null, null);
INSERT INTO tbx_country (code, code2, name_cn, name_en, alias, create_by, update_by, created_at, updated_at, deleted_at) VALUES ('MP2', null, '罗塔岛（北马里亚纳群岛）', 'Rota (Northern Mariana Islands)', 'Rota(Northern Mariana Islands)', null, null, null, null, null);
INSERT INTO tbx_country (code, code2, name_cn, name_en, alias, create_by, update_by, created_at, updated_at, deleted_at) VALUES ('MP3', null, '天宁岛（北马里亚纳群岛）', 'Tinian(Northern Mariana Islands)', '马里亚纳群岛', null, null, null, null, null);
INSERT INTO tbx_country (code, code2, name_cn, name_en, alias, create_by, update_by, created_at, updated_at, deleted_at) VALUES ('MQ', null, '马提尼克岛', 'MARTINIQUE', '马提尼克,马提尼克Fort-de-France ,马提尼亚,马斯岛,马里亚纳', null, null, null, null, null);
INSERT INTO tbx_country (code, code2, name_cn, name_en, alias, create_by, update_by, created_at, updated_at, deleted_at) VALUES ('MR', null, '毛里塔尼亚', 'MAURITANIA', '毛里嗒尼亚,毛利塔尼亚', null, null, null, null, null);
INSERT INTO tbx_country (code, code2, name_cn, name_en, alias, create_by, update_by, created_at, updated_at, deleted_at) VALUES ('MS', null, '蒙特塞拉', 'Montserrat', '蒙特塞拉岛,蒙特塞拉特,蒙特塞拉特岛(英) ,蒙特塞拉特岛,蒙特色纳岛,Monteserrat', null, null, null, null, null);
INSERT INTO tbx_country (code, code2, name_cn, name_en, alias, create_by, update_by, created_at, updated_at, deleted_at) VALUES ('MT', null, '马尔他', 'MALTA', '马耳他', null, null, null, null, null);
INSERT INTO tbx_country (code, code2, name_cn, name_en, alias, create_by, update_by, created_at, updated_at, deleted_at) VALUES ('MU', null, '毛里求斯', 'MAURITIUS', '模里西斯', null, null, null, null, null);
INSERT INTO tbx_country (code, code2, name_cn, name_en, alias, create_by, update_by, created_at, updated_at, deleted_at) VALUES ('MV', null, '马尔代夫', 'MALDIVES', null, null, null, null, null, null);
INSERT INTO tbx_country (code, code2, name_cn, name_en, alias, create_by, update_by, created_at, updated_at, deleted_at) VALUES ('MW', null, '马拉维', 'MALAWI', '马拉维', null, null, null, null, null);
INSERT INTO tbx_country (code, code2, name_cn, name_en, alias, create_by, update_by, created_at, updated_at, deleted_at) VALUES ('MX', null, '墨西哥', 'MEXICO', '墨西哥*,墨,MX', null, null, null, null, null);
INSERT INTO tbx_country (code, code2, name_cn, name_en, alias, create_by, update_by, created_at, updated_at, deleted_at) VALUES ('MY', null, '马来西亚', 'MALAYSIA', null, null, null, null, null, null);
INSERT INTO tbx_country (code, code2, name_cn, name_en, alias, create_by, update_by, created_at, updated_at, deleted_at) VALUES ('MY(E)', null, '马来西亚(东)', 'MALAYSIA(EAST)', null, null, null, null, null, null);
INSERT INTO tbx_country (code, code2, name_cn, name_en, alias, create_by, update_by, created_at, updated_at, deleted_at) VALUES ('MY(W)', null, '马来西亚(西)', 'MALAYSIA(WEST)', null, null, null, null, null, null);
INSERT INTO tbx_country (code, code2, name_cn, name_en, alias, create_by, update_by, created_at, updated_at, deleted_at) VALUES ('MZ', null, '莫桑比克', 'MOZAMBIQUE', null, null, null, null, null, null);
INSERT INTO tbx_country (code, code2, name_cn, name_en, alias, create_by, update_by, created_at, updated_at, deleted_at) VALUES ('NA', null, '纳米比亚', 'NAMIBIA', null, null, null, null, null, null);
INSERT INTO tbx_country (code, code2, name_cn, name_en, alias, create_by, update_by, created_at, updated_at, deleted_at) VALUES ('NE', null, '尼日尔', 'NIGER', null, null, null, null, null, null);
INSERT INTO tbx_country (code, code2, name_cn, name_en, alias, create_by, update_by, created_at, updated_at, deleted_at) VALUES ('NF', null, '新喀里多尼亚', 'NEW CALEDONIA', 'NC,新喀里多尼亚群岛', null, null, null, null, null);
INSERT INTO tbx_country (code, code2, name_cn, name_en, alias, create_by, update_by, created_at, updated_at, deleted_at) VALUES ('NF2', null, '诺福克群岛', 'Norfolk Island', '诺福克,诺褔克岛,诺福克岛,Norfolk island(Australia)', null, null, null, null, null);
INSERT INTO tbx_country (code, code2, name_cn, name_en, alias, create_by, update_by, created_at, updated_at, deleted_at) VALUES ('NG', null, '尼日利亚', 'NIGERIA', null, null, null, null, null, null);
INSERT INTO tbx_country (code, code2, name_cn, name_en, alias, create_by, update_by, created_at, updated_at, deleted_at) VALUES ('NI', null, '尼加拉瓜', 'NICARAGUA', null, null, null, null, null, null);
INSERT INTO tbx_country (code, code2, name_cn, name_en, alias, create_by, update_by, created_at, updated_at, deleted_at) VALUES ('NL', null, '荷兰', 'NETHERLANDS', 'Netherlands(Holland),NETHERLANDS, THE', null, null, null, null, null);
INSERT INTO tbx_country (code, code2, name_cn, name_en, alias, create_by, update_by, created_at, updated_at, deleted_at) VALUES ('NO', null, '挪威', 'NORWAY', null, null, null, null, null, null);
INSERT INTO tbx_country (code, code2, name_cn, name_en, alias, create_by, update_by, created_at, updated_at, deleted_at) VALUES ('NP', null, '尼泊尔', 'NEPAL', null, null, null, null, null, null);
INSERT INTO tbx_country (code, code2, name_cn, name_en, alias, create_by, update_by, created_at, updated_at, deleted_at) VALUES ('NR', null, '瑙鲁共和国', 'NAURU REPUBILC', '瑙鲁,NAURU REPUBLIC,NAURU', null, null, null, null, null);
INSERT INTO tbx_country (code, code2, name_cn, name_en, alias, create_by, update_by, created_at, updated_at, deleted_at) VALUES ('NU', null, '纽埃岛', 'NIUE', '纽埃', null, null, null, null, null);
INSERT INTO tbx_country (code, code2, name_cn, name_en, alias, create_by, update_by, created_at, updated_at, deleted_at) VALUES ('NZ', null, '新西兰', 'NEW ZEALAND', '新西兰*', null, null, null, null, null);
INSERT INTO tbx_country (code, code2, name_cn, name_en, alias, create_by, update_by, created_at, updated_at, deleted_at) VALUES ('OM', null, '阿曼', 'OMAN', null, null, null, null, null, null);
INSERT INTO tbx_country (code, code2, name_cn, name_en, alias, create_by, update_by, created_at, updated_at, deleted_at) VALUES ('PA', null, '巴拿马', 'PANAMA', null, null, null, null, null, null);
INSERT INTO tbx_country (code, code2, name_cn, name_en, alias, create_by, update_by, created_at, updated_at, deleted_at) VALUES ('PE', null, '秘鲁', 'PERU', null, null, null, null, null, null);
INSERT INTO tbx_country (code, code2, name_cn, name_en, alias, create_by, update_by, created_at, updated_at, deleted_at) VALUES ('PF', null, '塔希堤岛', 'TAHITI', '大溪地,塔希提岛,TA,塔希堤岛（大溪地）,塔希堤,Tahiti（French Polynesia),塔希堤岛(法属波利尼西亚),塔希提', null, null, null, null, null);
INSERT INTO tbx_country (code, code2, name_cn, name_en, alias, create_by, update_by, created_at, updated_at, deleted_at) VALUES ('PG', null, '巴布亚新几内亚', 'PAPUA NEW GUINEA', '巴布新几内亚', null, null, null, null, null);
INSERT INTO tbx_country (code, code2, name_cn, name_en, alias, create_by, update_by, created_at, updated_at, deleted_at) VALUES ('PH', null, '菲律宾', 'PHILIPPINES', null, null, null, null, null, null);
INSERT INTO tbx_country (code, code2, name_cn, name_en, alias, create_by, update_by, created_at, updated_at, deleted_at) VALUES ('PK', null, '巴基斯坦', 'PAKISTAN', null, null, null, null, null, null);
INSERT INTO tbx_country (code, code2, name_cn, name_en, alias, create_by, update_by, created_at, updated_at, deleted_at) VALUES ('PL', null, '波兰', 'POLAND', null, null, null, null, null, null);
INSERT INTO tbx_country (code, code2, name_cn, name_en, alias, create_by, update_by, created_at, updated_at, deleted_at) VALUES ('PR', null, '波多黎各', 'PUERTO RICO', '波多黎各*', null, null, null, null, null);
INSERT INTO tbx_country (code, code2, name_cn, name_en, alias, create_by, update_by, created_at, updated_at, deleted_at) VALUES ('PS', null, '巴勒斯坦', 'palestinian territory', '巴勒斯坦的状态', null, null, null, null, null);
INSERT INTO tbx_country (code, code2, name_cn, name_en, alias, create_by, update_by, created_at, updated_at, deleted_at) VALUES ('PT', null, '葡萄牙', 'PORTUGAL', '葡萄牙', null, null, null, null, null);
INSERT INTO tbx_country (code, code2, name_cn, name_en, alias, create_by, update_by, created_at, updated_at, deleted_at) VALUES ('PT1', null, '马德拉群岛', 'Madeira(Portugal)', 'Madeira （Portugal）,马德拉群岛（葡萄牙）', null, null, null, null, null);
INSERT INTO tbx_country (code, code2, name_cn, name_en, alias, create_by, update_by, created_at, updated_at, deleted_at) VALUES ('PT2', null, '亚速尔群岛', 'Azores(Portugal)', 'XH', null, null, null, null, null);
INSERT INTO tbx_country (code, code2, name_cn, name_en, alias, create_by, update_by, created_at, updated_at, deleted_at) VALUES ('PW', null, '帕劳', 'Palau', '帕劳群岛', null, null, null, null, null);
INSERT INTO tbx_country (code, code2, name_cn, name_en, alias, create_by, update_by, created_at, updated_at, deleted_at) VALUES ('PY', null, '巴拉圭', 'PARAGUAY', null, null, null, null, null, null);
INSERT INTO tbx_country (code, code2, name_cn, name_en, alias, create_by, update_by, created_at, updated_at, deleted_at) VALUES ('QA', null, '卡塔尔', 'QATAR', '卡塔爾', null, null, null, null, null);
INSERT INTO tbx_country (code, code2, name_cn, name_en, alias, create_by, update_by, created_at, updated_at, deleted_at) VALUES ('RE', null, '留尼旺', 'reunion, island of', '聚会,留尼汪岛,Reunion Is,留尼旺岛,REUNION ISLAND,团聚', null, null, null, null, null);
INSERT INTO tbx_country (code, code2, name_cn, name_en, alias, create_by, update_by, created_at, updated_at, deleted_at) VALUES ('RO', null, '罗马尼亚', 'ROMANIA', '罗马尼亚', null, null, null, null, null);
INSERT INTO tbx_country (code, code2, name_cn, name_en, alias, create_by, update_by, created_at, updated_at, deleted_at) VALUES ('RS', null, '塞尔维亚共和国', 'serbia, republic of', 'Serbia,serbia, republic of.,塞尔维亚,serbia  republic of,SERBIA REPUBLIC OF', null, null, null, null, null);
INSERT INTO tbx_country (code, code2, name_cn, name_en, alias, create_by, update_by, created_at, updated_at, deleted_at) VALUES ('RU', null, '俄罗斯联邦', 'RUSSIAN FEDERATION', '俄罗斯（限文件）,RUSSIAN FEDERATION, THE,俄罗斯,RUSSIA', null, null, null, null, null);
INSERT INTO tbx_country (code, code2, name_cn, name_en, alias, create_by, update_by, created_at, updated_at, deleted_at) VALUES ('RW', null, '卢旺达', 'RWANDA', null, null, null, null, null, null);
INSERT INTO tbx_country (code, code2, name_cn, name_en, alias, create_by, update_by, created_at, updated_at, deleted_at) VALUES ('SA', null, '沙特阿拉伯', 'SAUDI ARABIA', '沙地阿拉伯,沙特阿拉伯（限文件）,沙特', null, null, null, null, null);
INSERT INTO tbx_country (code, code2, name_cn, name_en, alias, create_by, update_by, created_at, updated_at, deleted_at) VALUES ('SB', null, '所罗门群岛', 'SOLOMON ISLANDS', '索罗门群岛', null, null, null, null, null);
INSERT INTO tbx_country (code, code2, name_cn, name_en, alias, create_by, update_by, created_at, updated_at, deleted_at) VALUES ('SC', null, '塞舌尔', 'SEYCHELLES, REP.', '塞舌尔 (塞席尔),塞舌尼,SEYCHELLES', null, null, null, null, null);
INSERT INTO tbx_country (code, code2, name_cn, name_en, alias, create_by, update_by, created_at, updated_at, deleted_at) VALUES ('SD', null, '苏丹', 'SUDAN', null, null, null, null, null, null);
INSERT INTO tbx_country (code, code2, name_cn, name_en, alias, create_by, update_by, created_at, updated_at, deleted_at) VALUES ('SE', null, '瑞典', 'SWEDEN', null, null, null, null, null, null);
INSERT INTO tbx_country (code, code2, name_cn, name_en, alias, create_by, update_by, created_at, updated_at, deleted_at) VALUES ('SG', null, '新加坡', 'SINGAPORE', null, null, null, null, null, null);
INSERT INTO tbx_country (code, code2, name_cn, name_en, alias, create_by, update_by, created_at, updated_at, deleted_at) VALUES ('SH', null, '圣赫勒拿', 'Saint Helena', null, null, null, null, null, null);
INSERT INTO tbx_country (code, code2, name_cn, name_en, alias, create_by, update_by, created_at, updated_at, deleted_at) VALUES ('SI', null, '斯洛文尼亚', 'SLOVENIA', null, null, null, null, null, null);
INSERT INTO tbx_country (code, code2, name_cn, name_en, alias, create_by, update_by, created_at, updated_at, deleted_at) VALUES ('SK', null, '斯洛伐克共和国', 'SLOVAK REPUBLIC', 'SLOVAKIA REPUBLIC,Slovak,斯洛伐克', null, null, null, null, null);
INSERT INTO tbx_country (code, code2, name_cn, name_en, alias, create_by, update_by, created_at, updated_at, deleted_at) VALUES ('SL', null, '塞拉利昂', 'SIERRA LEONE', '塞拉里昂', null, null, null, null, null);
INSERT INTO tbx_country (code, code2, name_cn, name_en, alias, create_by, update_by, created_at, updated_at, deleted_at) VALUES ('SM', null, '圣马力诺', 'San Mariano', '圣赫勒拿,聖马力诺,SAN MARINO', null, null, null, null, null);
INSERT INTO tbx_country (code, code2, name_cn, name_en, alias, create_by, update_by, created_at, updated_at, deleted_at) VALUES ('SN', null, '塞内加尔', 'SENEGAL', null, null, null, null, null, null);
INSERT INTO tbx_country (code, code2, name_cn, name_en, alias, create_by, update_by, created_at, updated_at, deleted_at) VALUES ('SO', null, '索马里', 'SOMALIA', null, null, null, null, null, null);
INSERT INTO tbx_country (code, code2, name_cn, name_en, alias, create_by, update_by, created_at, updated_at, deleted_at) VALUES ('SR', null, '苏里南', 'SURINAME', '苏利南', null, null, null, null, null);
INSERT INTO tbx_country (code, code2, name_cn, name_en, alias, create_by, update_by, created_at, updated_at, deleted_at) VALUES ('SS', null, '南苏丹', 'south sudan', '南苏丹共和国', null, null, null, null, null);
INSERT INTO tbx_country (code, code2, name_cn, name_en, alias, create_by, update_by, created_at, updated_at, deleted_at) VALUES ('ST', null, '圣多美和普林西比', 'SAO TOME AND PRINCIPE', '圣多美,Sano Tome&Principe,圣多美与普林西比,圣多美和普林', null, null, null, null, null);
INSERT INTO tbx_country (code, code2, name_cn, name_en, alias, create_by, update_by, created_at, updated_at, deleted_at) VALUES ('SV', null, '萨尔瓦多', 'EL SALVADOR', null, null, null, null, null, null);
INSERT INTO tbx_country (code, code2, name_cn, name_en, alias, create_by, update_by, created_at, updated_at, deleted_at) VALUES ('SY', null, '叙利亚', 'SYRIA', '敘利亚,阿拉伯叙利亚共和国,Syria Arab Republic', null, null, null, null, null);
INSERT INTO tbx_country (code, code2, name_cn, name_en, alias, create_by, update_by, created_at, updated_at, deleted_at) VALUES ('SZ', null, '斯威士兰', 'SWAZILAND', null, null, null, null, null, null);
INSERT INTO tbx_country (code, code2, name_cn, name_en, alias, create_by, update_by, created_at, updated_at, deleted_at) VALUES ('TC', null, '特克斯和凯科斯岛', 'Turks And Cturks and caicos islands', '特克斯和凯科斯,特克斯和凯科斯群岛,TURKS AND CAICOS ISLANDS,Turks & Caicos Is,科克群岛', null, null, null, null, null);
INSERT INTO tbx_country (code, code2, name_cn, name_en, alias, create_by, update_by, created_at, updated_at, deleted_at) VALUES ('TD', null, '乍得', 'CHAD', null, null, null, null, null, null);
INSERT INTO tbx_country (code, code2, name_cn, name_en, alias, create_by, update_by, created_at, updated_at, deleted_at) VALUES ('TG', null, '多哥', 'TOGO', null, null, null, null, null, null);
INSERT INTO tbx_country (code, code2, name_cn, name_en, alias, create_by, update_by, created_at, updated_at, deleted_at) VALUES ('TH', null, '泰国', 'THAILAND', null, null, null, null, null, null);
INSERT INTO tbx_country (code, code2, name_cn, name_en, alias, create_by, update_by, created_at, updated_at, deleted_at) VALUES ('TJ', null, '塔吉克斯坦', 'TAJIKISTAN', null, null, null, null, null, null);
INSERT INTO tbx_country (code, code2, name_cn, name_en, alias, create_by, update_by, created_at, updated_at, deleted_at) VALUES ('TK', null, '特鲁克', 'Truk(Micronesia,Federated States of)', 'Truk(MicronesiaFederated States of),特鲁克岛(密克罗尼西亚联邦),特鲁克(密克罗尼亚西联邦),特鲁克群岛', null, null, null, null, null);
INSERT INTO tbx_country (code, code2, name_cn, name_en, alias, create_by, update_by, created_at, updated_at, deleted_at) VALUES ('TM', null, '土库曼斯坦', 'TURKMENISTAN', null, null, null, null, null, null);
INSERT INTO tbx_country (code, code2, name_cn, name_en, alias, create_by, update_by, created_at, updated_at, deleted_at) VALUES ('TN', null, '突尼斯', 'TUNISIA', null, null, null, null, null, null);
INSERT INTO tbx_country (code, code2, name_cn, name_en, alias, create_by, update_by, created_at, updated_at, deleted_at) VALUES ('TO', null, '汤加', 'TONGA', '汤加群岛', null, null, null, null, null);
INSERT INTO tbx_country (code, code2, name_cn, name_en, alias, create_by, update_by, created_at, updated_at, deleted_at) VALUES ('TP', null, '东帝汶', 'EAST TIMOR', '東帝文,East Timor(Timor Leste),TIMOR LESTE,东帝汶(东帝汶民主共和国),TL', null, null, null, null, null);
INSERT INTO tbx_country (code, code2, name_cn, name_en, alias, create_by, update_by, created_at, updated_at, deleted_at) VALUES ('TR', null, '土耳其', 'TURKEY', '土耳其。', null, null, null, null, null);
INSERT INTO tbx_country (code, code2, name_cn, name_en, alias, create_by, update_by, created_at, updated_at, deleted_at) VALUES ('TT', null, '特立尼达和多巴哥', 'TRINIDAD AND TOBAGO', 'Trinidad & Tobago,千里达和多巴哥,里达和多巴哥', null, null, null, null, null);
INSERT INTO tbx_country (code, code2, name_cn, name_en, alias, create_by, update_by, created_at, updated_at, deleted_at) VALUES ('TV', null, '图瓦卢', 'Tuvalu', null, null, null, null, null, null);
INSERT INTO tbx_country (code, code2, name_cn, name_en, alias, create_by, update_by, created_at, updated_at, deleted_at) VALUES ('TW', null, '台湾', 'TAIWAN', '台湾省', null, null, null, null, null);
INSERT INTO tbx_country (code, code2, name_cn, name_en, alias, create_by, update_by, created_at, updated_at, deleted_at) VALUES ('TZ', null, '坦桑尼亚', 'TANZANIA', 'TanzaniaUnited Republic of,坦桑尼亚联合共和国,坦桑尼亚共和国', null, null, null, null, null);
INSERT INTO tbx_country (code, code2, name_cn, name_en, alias, create_by, update_by, created_at, updated_at, deleted_at) VALUES ('UA', null, '乌克兰', 'UKRAINE', null, null, null, null, null, null);
INSERT INTO tbx_country (code, code2, name_cn, name_en, alias, create_by, update_by, created_at, updated_at, deleted_at) VALUES ('UG', null, '乌干达', 'UGANDA', null, null, null, null, null, null);
INSERT INTO tbx_country (code, code2, name_cn, name_en, alias, create_by, update_by, created_at, updated_at, deleted_at) VALUES ('UK', null, '英国二区', 'UNTED KINGDON S', null, null, null, null, null, null);
INSERT INTO tbx_country (code, code2, name_cn, name_en, alias, create_by, update_by, created_at, updated_at, deleted_at) VALUES ('US', null, '美国', 'UNITED STATES OF AMERICA', 'USA(Armenia)/United  States,美利坚合众国,UNITED STATES,US,美,UII', null, null, null, null, null);
INSERT INTO tbx_country (code, code2, name_cn, name_en, alias, create_by, update_by, created_at, updated_at, deleted_at) VALUES ('USE', null, '美国东岸', 'US-E', '美国东部,美国2,美国其他国家,Puerto Rico,U.S. (Rest of Country ),波多黎各', null, null, null, null, null);
INSERT INTO tbx_country (code, code2, name_cn, name_en, alias, create_by, update_by, created_at, updated_at, deleted_at) VALUES ('USM', null, '美国中岸', 'US-M', '美国中岸', null, null, null, null, null);
INSERT INTO tbx_country (code, code2, name_cn, name_en, alias, create_by, update_by, created_at, updated_at, deleted_at) VALUES ('USW', null, '美国西岸', 'US-W', 'U.S. (Western Region ),美国1,美国本', null, null, null, null, null);
INSERT INTO tbx_country (code, code2, name_cn, name_en, alias, create_by, update_by, created_at, updated_at, deleted_at) VALUES ('UY', null, '乌拉圭', 'URUGUAY', '乌拉圭（限文件）', null, null, null, null, null);
INSERT INTO tbx_country (code, code2, name_cn, name_en, alias, create_by, update_by, created_at, updated_at, deleted_at) VALUES ('UZ', null, '乌兹别克斯坦', 'UZBEKISTAN', 'YZ', null, null, null, null, null);
INSERT INTO tbx_country (code, code2, name_cn, name_en, alias, create_by, update_by, created_at, updated_at, deleted_at) VALUES ('VA', null, '梵帝冈', 'Vatican City(Italy)', '梵蒂冈城（意大利）,梵蒂冈,梵蒂冈城,Vatican City', null, null, null, null, null);
INSERT INTO tbx_country (code, code2, name_cn, name_en, alias, create_by, update_by, created_at, updated_at, deleted_at) VALUES ('VC', null, '圣文森特', 'ST.VINCENT', '圣文森,圣文森特和格林纳丁斯岛,SAINT VINCENT AND THE GRENADINES,聖文森特和格林纳丁斯,圣文森特岛,St Vincent & The Grenadines,ST. VINCENT', null, null, null, null, null);
INSERT INTO tbx_country (code, code2, name_cn, name_en, alias, create_by, update_by, created_at, updated_at, deleted_at) VALUES ('VC1', null, '联合群岛', 'Union Is.', '联合群岛,圣文森特和格林纳丁斯,联盟群岛(圣文森特和格林纳丁斯群岛)', null, null, null, null, null);
INSERT INTO tbx_country (code, code2, name_cn, name_en, alias, create_by, update_by, created_at, updated_at, deleted_at) VALUES ('VE', null, '委内瑞拉', 'VENEZUELA', '委内瑞拉玻利瓦尔共和国,委內瑞拉', null, null, null, null, null);
INSERT INTO tbx_country (code, code2, name_cn, name_en, alias, create_by, update_by, created_at, updated_at, deleted_at) VALUES ('VG', null, '英属维尔京群岛', 'Virgin Islands(GB)', '英属维尔京,英属维群岛,英属维尔群岛,VIRGIN ISLAND (GB),英属维尔京斯岛,托托拉岛(英属维京岛),Virgin Gorda (British Virgin Is.),VIRGIN ISLANDS (BRITISH),维尔京群岛（英国）,British Virgin Islands,维尔京群岛(英国),英属维京群岛,维尔京群岛,英属处女群岛,维尔克戈达岛（英属维尔群岛）,维尔克戈达岛(英属维尔群岛)', null, null, null, null, null);
INSERT INTO tbx_country (code, code2, name_cn, name_en, alias, create_by, update_by, created_at, updated_at, deleted_at) VALUES ('VG1', null, '托尔托拉岛', 'Tortola  (British Virgin Is)', '托尔托拉岛,托尔托拉岛（英属处女岛）,Tortola', null, null, null, null, null);
INSERT INTO tbx_country (code, code2, name_cn, name_en, alias, create_by, update_by, created_at, updated_at, deleted_at) VALUES ('VI', null, '美属维京群岛', 'VIRGIN ISLAND (US)', '维尔京群岛,维尔克戈达岛(美属维尔群岛),美属维尔京,St Croix  (US Virgin Is),美属处女群岛,美属维尔群岛,维尔克戈达岛（美属维尔群岛）也门共和国,维尔京群岛（美国）,维尔京群岛(美国),US Virgin Is,VIRGIN ISLANDS (US),维尔克戈达岛（美属维尔群岛）,美属维尔京斯岛,美属维尔京群岛', null, null, null, null, null);
INSERT INTO tbx_country (code, code2, name_cn, name_en, alias, create_by, update_by, created_at, updated_at, deleted_at) VALUES ('VI1', null, '圣约翰群岛', 'St John  (US Virgin Is', '圣约翰(美属维尔京群岛),聖约翰群岛,St John  (US Virgin Is)', null, null, null, null, null);
INSERT INTO tbx_country (code, code2, name_cn, name_en, alias, create_by, update_by, created_at, updated_at, deleted_at) VALUES ('VN', null, '越南', 'VIETNAM', null, null, null, null, null, null);
INSERT INTO tbx_country (code, code2, name_cn, name_en, alias, create_by, update_by, created_at, updated_at, deleted_at) VALUES ('VU', null, '瓦努阿图', 'VANUATU', null, null, null, null, null, null);
INSERT INTO tbx_country (code, code2, name_cn, name_en, alias, create_by, update_by, created_at, updated_at, deleted_at) VALUES ('WF', null, '瓦利斯和福杜纳', 'Wallis and Futuna', 'Wallis & Futuna Islands,Wallis And Futuna Islands,瓦里斯和富士那群岛,瓦利斯群岛和富图纳群岛,瓦利斯和富图纳群岛,沃利斯群岛', null, null, null, null, null);
INSERT INTO tbx_country (code, code2, name_cn, name_en, alias, create_by, update_by, created_at, updated_at, deleted_at) VALUES ('WS', null, '西萨摩亚', 'WESTERN SAMOA', '萨摩亚群岛,Samoa,萨摩亚', null, null, null, null, null);
INSERT INTO tbx_country (code, code2, name_cn, name_en, alias, create_by, update_by, created_at, updated_at, deleted_at) VALUES ('XB', null, '波内尔岛', 'BONAIRE', '伯奈尔岛,博奈尔,Bonaire(Netherlands Antilles),博内尔岛(荷属安地列斯),博内尔,博内尔岛,博内尔岛/荷属安的列斯群岛,伯奈尔', null, null, null, null, null);
INSERT INTO tbx_country (code, code2, name_cn, name_en, alias, create_by, update_by, created_at, updated_at, deleted_at) VALUES ('XC', null, '库拉索岛(荷兰)', 'CURACAO', 'Curacao (Netherlands Antilles),库腊索(荷属安地列斯),库腊索,库拉索,库拉索岛,荷属安的列斯', null, null, null, null, null);
INSERT INTO tbx_country (code, code2, name_cn, name_en, alias, create_by, update_by, created_at, updated_at, deleted_at) VALUES ('XE', null, '圣尤斯塔提马斯岛', 'ST.EUSTATIUS', '圣尤斯塔提烏斯島,圣尤斯达求斯 ,ST. EUSTATIUS,圣尤斯特歇斯岛,圣尤斯塔,尤斯特歇斯,圣俄斯塔途斯岛,圣尤斯塔提斯岛,圣尤斯泰希厄斯岛,圣EUSTATIUS,圣尤斯特歇斯', null, null, null, null, null);
INSERT INTO tbx_country (code, code2, name_cn, name_en, alias, create_by, update_by, created_at, updated_at, deleted_at) VALUES ('XM', null, '圣马丁岛', 'ST.MAARTEN', '圣马腾岛,ST. MAARTEN,聖馬丁島,圣马藤岛(荷属安地列斯),St Maarten (Netherlands Antilles),圣马丁,荷属安的列斯群岛', null, null, null, null, null);
INSERT INTO tbx_country (code, code2, name_cn, name_en, alias, create_by, update_by, created_at, updated_at, deleted_at) VALUES ('XM1', null, '圣托马斯群岛', 'St Thomas(US Virgin Is)', '圣托马斯,聖托马斯群岛,圣托马斯(美属维尔京群岛)', null, null, null, null, null);
INSERT INTO tbx_country (code, code2, name_cn, name_en, alias, create_by, update_by, created_at, updated_at, deleted_at) VALUES ('XM2', null, '圣马丁群岛(瓜德罗普岛)', 'St Martin (Guadeloupe)', '圣马丁（瓜德罗普岛）,聖马丁群岛(瓜德罗普岛)', null, null, null, null, null);
INSERT INTO tbx_country (code, code2, name_cn, name_en, alias, create_by, update_by, created_at, updated_at, deleted_at) VALUES ('XN', null, '尼维斯岛', 'NEVIS', '尼维斯', null, null, null, null, null);
INSERT INTO tbx_country (code, code2, name_cn, name_en, alias, create_by, update_by, created_at, updated_at, deleted_at) VALUES ('XS', null, '索马里共和国', 'SOMALILAND,REP (NORTH SOMALI)', '索马里兰,SOMALILAND, REP OF (NORTH SOMALIA),SOMALILAND,索马里亚兰,索马里兰共和国,代表(索马里北部)', null, null, null, null, null);
INSERT INTO tbx_country (code, code2, name_cn, name_en, alias, create_by, update_by, created_at, updated_at, deleted_at) VALUES ('XY', null, '圣巴特勒米岛', 'ST.BANTHELEMY', '圣巴泰勒米岛,ST. BARTHELEMY,St. Ba,圣。巴泰勒米,圣巴泰勒米,聖巴特勒米島', null, null, null, null, null);
INSERT INTO tbx_country (code, code2, name_cn, name_en, alias, create_by, update_by, created_at, updated_at, deleted_at) VALUES ('YE', null, '也门共和国', 'YEMEN, REPUBLIC OF.', 'YEMEN REPUBLIC OF,也門,Yemen,也门阿拉伯共合国,YEMEN  REPUBLIC OF,YEMEN, REPUBLIC OF,也门', null, null, null, null, null);
INSERT INTO tbx_country (code, code2, name_cn, name_en, alias, create_by, update_by, created_at, updated_at, deleted_at) VALUES ('YK', null, '科索沃', 'Kosovo', 'KV', null, null, null, null, null);
INSERT INTO tbx_country (code, code2, name_cn, name_en, alias, create_by, update_by, created_at, updated_at, deleted_at) VALUES ('YT', null, '马约特', 'MAYOTTE', '马约特岛,马约特岛岛', null, null, null, null, null);
INSERT INTO tbx_country (code, code2, name_cn, name_en, alias, create_by, update_by, created_at, updated_at, deleted_at) VALUES ('ZA', null, '南非', 'SOUTH AFRICA', null, null, null, null, null, null);
INSERT INTO tbx_country (code, code2, name_cn, name_en, alias, create_by, update_by, created_at, updated_at, deleted_at) VALUES ('ZM', null, '赞比亚', 'ZAMBIA', null, null, null, null, null, null);
INSERT INTO tbx_country (code, code2, name_cn, name_en, alias, create_by, update_by, created_at, updated_at, deleted_at) VALUES ('ZR', null, '扎伊尔', 'ZAIRE', null, null, null, null, null, null);
INSERT INTO tbx_country (code, code2, name_cn, name_en, alias, create_by, update_by, created_at, updated_at, deleted_at) VALUES ('ZW', null, '津巴布韦', 'ZIMBABWE', '津巴布韦.', null, null, null, null, null);

-- 数据完成 ;
